ID;C_G;Licence_plate;Category;Color;Trajectory_start;Trajectory_end;Average_ speed_kpxh;Minimum_speed_kpxh;Maximum_speed_kpxh;Section_speed_kmh;Duration_of_occurrence_s;Stationary_duration_s
679446;C115_G4;;car;white;1665227229620;1665227229680;896.66;896.66;896.66;;0.06;0.00
683051;C115_G4;;car;silver;1665227991060;1665227991120;1103.44;1103.44;1103.44;;0.06;0.00
700247;C115_G4;;car;silver;1665231092200;1665231092320;1096.50;1095.73;1097.26;;0.12;0.00
700661;C115_G4;;car;silver;1665231172720;1665231172780;1223.06;1223.06;1223.06;;0.06;0.00
700672;C115_G4;;car;silver;1665231174420;1665231174480;1252.43;1252.43;1252.43;;0.06;0.00
701476;C115_G4;;car;silver;1665231377820;1665231377860;1221.95;1221.95;1221.95;;0.04;0.00
702027;C115_G4;;car;black;1665231537740;1665231537800;1292.56;1292.56;1292.56;;0.06;0.00
703616;C115_G4;;car;silver;1665231924700;1665231924760;1047.09;1047.09;1047.09;;0.06;0.00
703629;C115_G4;;car;red;1665231927740;1665231927800;1108.94;1108.94;1108.94;;0.06;0.00
707671;C115_G4;;car;white;1665232983360;1665232983420;1093.86;1093.86;1093.86;;0.06;0.00
710057;C115_G4;;car;black;1665233724000;1665233724040;2029.12;2029.12;2029.12;;0.04;0.00
711168;C115_G4;;car;silver;1665234018180;1665234018220;1803.19;1803.19;1803.19;;0.04;0.00
711687;C115_G4;;car;silver;1665234153900;1665234153960;1162.29;1161.04;1162.92;;0.06;0.00
719458;C115_G4;;car;silver;1665236122000;1665236122060;1236.04;1236.04;1236.04;;0.06;0.00
742477;C115_G4;;car;silver;1665240243200;1665240243260;1291.81;1291.81;1291.81;;0.06;0.00
755741;C115_G4;;car;white;1665243517640;1665243517700;1203.99;1203.99;1203.99;;0.06;0.00
779329;C115_G4;;car;silver;1665247507960;1665247508020;1116.01;1116.01;1116.01;;0.06;0.00
792210;C115_G4;;motorcycle;undefined;1665249923040;1665249923100;1180.32;1180.32;1180.32;;0.06;0.00
807725;C115_G4;;bus;white;1665252739700;1665252739820;511.57;511.57;511.57;;0.12;0.00
808850;C115_G4;;car;silver;1665253019560;1665253019620;1356.99;1356.99;1356.99;;0.06;0.00
812369;C115_G4;;car;black;1665253825260;1665253825320;1202.78;1202.78;1202.78;;0.06;0.00
812447;C115_G4;;car;black;1665253856880;1665253856940;1300.08;1300.08;1300.08;;0.06;0.00
812767;C115_G4;;car;black;1665253931760;1665253931840;1016.96;1016.96;1016.96;;0.08;0.00
813327;C115_G4;;car;white;1665254054580;1665254054660;1015.37;1015.37;1015.37;;0.08;0.00
814701;C115_G4;;car;black;1665254351620;1665254351700;1072.52;1072.52;1072.52;;0.08;0.00
814739;C115_G4;;car;black;1665254358500;1665254358560;1152.41;1152.41;1152.41;;0.06;0.00
814776;C115_G4;;car;silver;1665254366060;1665254366120;1034.55;1034.55;1034.55;;0.06;0.00
822424;C115_G4;;car;black;1665255846540;1665255846600;1365.80;1365.80;1365.80;;0.06;0.00
823688;C115_G4;;car;black;1665256068360;1665256068420;1021.64;1021.64;1021.64;;0.06;0.00
827181;C115_G4;;car;white;1665256840080;1665256840160;1125.83;1125.83;1125.83;;0.08;0.00
827558;C115_G4;;car;blue;1665256948560;1665256948620;1081.65;1081.65;1081.65;;0.06;0.00
828257;C115_G4;;car;silver;1665257153220;1665257153280;1347.50;1347.50;1347.50;;0.06;0.00
828729;C115_G4;;car;blue;1665257292260;1665257292340;1017.43;1017.43;1017.43;;0.08;0.00
833885;C115_G4;;car;black;1665258661900;1665258661960;1177.18;1177.18;1177.18;;0.06;0.00
834582;C115_G4;;light;white;1665258869540;1665258869600;1175.79;1175.79;1175.79;;0.06;0.00
835791;C115_G4;;car;black;1665259267560;1665259267700;1020.09;1019.25;1021.21;;0.14;0.00
835908;C115_G4;;car;silver;1665259323260;1665259323320;1009.23;1009.23;1009.23;;0.06;0.00
836030;C115_G4;;car;silver;1665259378620;1665259378680;1331.15;1331.15;1331.15;;0.06;0.00
836853;C115_G4;;car;red;1665259730120;1665259730200;1025.70;1025.70;1025.70;;0.08;0.00
839498;C115_G4;;car;blue;1665260759620;1665260759700;817.40;817.40;817.40;;0.08;0.00
839519;C115_G4;;car;silver;1665260767240;1665260767320;948.86;948.86;948.86;;0.08;0.00
839538;C115_G4;;car;black;1665260770680;1665260770740;1063.94;1063.94;1063.94;;0.06;0.00
840173;C115_G4;;car;black;1665261034300;1665261034360;1125.15;1125.15;1125.15;;0.06;0.00
840190;C115_G4;;car;white;1665261040920;1665261041000;1068.83;1068.83;1068.83;;0.08;0.00
841025;C115_G4;;car;silver;1665261440420;1665261440520;1176.64;1169.88;1186.77;;0.10;0.00
841045;C115_G4;;car;black;1665261446040;1665261446120;1074.10;1074.10;1074.10;;0.08;0.00
842195;C115_G4;;car;silver;1665261935620;1665261935700;1142.76;1142.76;1142.76;;0.08;0.00
842202;C115_G4;;car;silver;1665261939080;1665261939160;1154.68;1154.68;1154.68;;0.08;0.00
842436;C115_G4;;car;black;1665262040780;1665262040840;1119.09;1119.09;1119.09;;0.06;0.00
842573;C115_G4;;car;white;1665262084540;1665262084620;975.72;975.72;975.72;;0.08;0.00
842577;C115_G4;;car;black;1665262086600;1665262086680;926.67;926.67;926.67;;0.08;0.00
843077;C115_G4;;car;silver;1665262352160;1665262352240;788.45;788.45;788.45;;0.08;0.00
843331;C115_G4;;car;black;1665262514660;1665262514720;1169.07;1169.07;1169.07;;0.06;0.00
843376;C115_G4;;car;black;1665262540720;1665262540780;1133.29;1133.29;1133.29;;0.06;0.00
843936;C115_G4;;car;black;1665262877520;1665262877580;1185.70;1185.70;1185.70;;0.06;0.00
844388;C115_G4;;car;black;1665263149100;1665263149160;1071.17;1071.17;1071.17;;0.06;0.00
844812;C115_G4;;car;silver;1665263453840;1665263453900;1078.77;1078.77;1078.77;;0.06;0.00
845380;C115_G4;;car;silver;1665263708140;1665263708200;1060.30;1060.30;1060.30;;0.06;0.00
845451;C115_G4;;car;black;1665263747460;1665263747540;1177.56;1177.56;1177.56;;0.08;0.00
845590;C115_G4;;car;black;1665263806900;1665263807000;1060.37;1052.88;1064.12;;0.06;0.00
845954;C115_G4;;car;silver;1665264004240;1665264004300;1129.52;1129.52;1129.52;;0.06;0.00
847279;C115_G4;;car;black;1665264855000;1665264855080;1030.70;1030.70;1030.70;;0.08;0.00
847648;C115_G4;;light;white;1665265092280;1665265092340;996.69;996.69;996.69;;0.06;0.00
847960;C115_G4;;car;blue;1665265286540;1665265286600;1029.42;1029.42;1029.42;;0.06;0.00
848040;C115_G4;;car;black;1665265338440;1665265338500;1049.85;1049.85;1049.85;;0.06;0.00
848047;C115_G4;;car;silver;1665265347960;1665265348020;1200.78;1200.78;1200.78;;0.06;0.00
848188;C115_G4;;car;white;1665265430960;1665265431040;1042.40;1042.40;1042.40;;0.08;0.00
848291;C115_G4;;car;silver;1665265533500;1665265533560;1011.57;1011.57;1011.57;;0.06;0.00
848928;C115_G4;;car;silver;1665265982600;1665265982680;980.05;980.05;980.05;;0.08;0.00
849018;C115_G4;;car;silver;1665266029780;1665266029860;974.93;974.93;974.93;;0.08;0.00
850518;C115_G4;;car;blue;1665267032540;1665267032620;824.04;824.04;824.04;;0.08;0.00
850676;C115_G4;;car;blue;1665267135080;1665267135160;1066.95;1066.95;1066.95;;0.08;0.00
850687;C115_G4;;car;white;1665267144880;1665267144960;1016.75;1016.75;1016.75;;0.08;0.00
850724;C115_G4;;car;black;1665267186560;1665267186600;1229.85;1229.85;1229.85;;0.04;0.00
850753;C115_G4;;car;black;1665267198600;1665267198660;1102.88;1102.88;1102.88;;0.06;0.00
850897;C115_G4;;car;silver;1665267317740;1665267317800;1023.85;1023.85;1023.85;;0.06;0.00
851102;C115_G4;;car;blue;1665267439760;1665267439820;1109.48;1109.48;1109.48;;0.06;0.00
851329;C115_G4;;car;white;1665267619600;1665267619660;1094.24;1094.24;1094.24;;0.06;0.00
851579;C115_G4;;car;silver;1665267755200;1665267755340;933.05;933.05;933.05;;0.14;0.00
851681;C115_G4;;car;black;1665267812080;1665267812160;1049.73;1049.73;1049.73;;0.08;0.00
851712;C115_G4;;car;black;1665267842460;1665267842520;1160.46;1160.46;1160.46;;0.06;0.00
851732;C115_G4;;car;white;1665267864280;1665267864380;885.56;885.56;885.56;;0.10;0.00
851813;C115_G4;;car;white;1665267946640;1665267946680;1148.73;1148.73;1148.73;;0.04;0.00
851942;C115_G4;;car;silver;1665268025580;1665268025640;994.26;994.26;994.26;;0.06;0.00
852053;C115_G4;;car;blue;1665268086620;1665268086680;991.71;991.71;991.71;;0.06;0.00
852603;C115_G4;;car;white;1665268463680;1665268463760;1040.60;1040.60;1040.60;;0.08;0.00
852728;C115_G4;;car;blue;1665268575340;1665268575400;915.96;915.96;915.96;;0.06;0.00
852933;C115_G4;;car;black;1665268781440;1665268781540;812.80;812.80;812.80;;0.10;0.00
853422;C115_G4;;car;white;1665269206200;1665269206280;1008.35;1008.35;1008.35;;0.08;0.00
853677;C115_G4;;car;blue;1665269412620;1665269412680;1203.78;1203.78;1203.78;;0.06;0.00
853986;C115_G4;;car;red;1665269736600;1665269736660;1160.55;1160.55;1160.55;;0.06;0.00
854093;C115_G4;;car;black;1665269819420;1665269819560;1022.94;1020.94;1025.61;;0.14;0.00
854476;C115_G4;;car;black;1665270186980;1665270187040;1170.52;1170.52;1170.52;;0.06;0.00
854480;C115_G4;;car;silver;1665270188780;1665270188840;1191.43;1191.43;1191.43;;0.06;0.00
854826;C115_G4;;car;black;1665270507680;1665270507740;1251.33;1251.33;1251.33;;0.06;0.00
855018;C115_G4;;car;black;1665270695920;1665270696000;1033.92;1033.92;1033.92;;0.08;0.00
855058;C115_G4;;car;silver;1665270735140;1665270735220;1006.18;1006.18;1006.18;;0.08;0.00
855549;C115_G4;;car;silver;1665271295400;1665271295440;1369.59;1369.59;1369.59;;0.04;0.00
855669;C115_G4;;car;black;1665271443480;1665271443520;1149.46;1149.46;1149.46;;0.04;0.00
855800;C115_G4;;car;blue;1665271574300;1665271574360;976.58;976.58;976.58;;0.06;0.00
855993;C115_G4;;light;white;1665271864960;1665271865020;1095.26;1095.26;1095.26;;0.06;0.00
856191;C115_G4;;car;black;1665272128500;1665272128560;1190.42;1190.42;1190.42;;0.06;0.00
856244;C115_G4;;car;blue;1665272184500;1665272184640;1005.34;1004.47;1006.00;;0.14;0.00
856265;C115_G4;;car;black;1665272197940;1665272198000;1230.25;1230.25;1230.25;;0.06;0.00
856303;C115_G4;;car;silver;1665272236800;1665272236920;1078.89;1076.81;1080.98;;0.12;0.00
856527;C115_G4;;car;black;1665272491560;1665272491640;973.51;973.51;973.51;;0.08;0.00
856684;C115_G4;;car;silver;1665272789820;1665272789940;1157.74;1157.74;1157.74;;0.12;0.00
856713;C115_G4;;car;silver;1665272834700;1665272834780;1086.40;1086.40;1086.40;;0.08;0.00
856795;C115_G4;;car;white;1665272953620;1665272953680;953.03;953.03;953.03;;0.06;0.00
856805;C115_G4;;car;silver;1665272963740;1665272963800;955.58;955.58;955.58;;0.06;0.00
857089;C115_G4;;car;black;1665273519480;1665273519540;987.96;987.96;987.96;;0.06;0.00
857232;C115_G4;;car;silver;1665273726340;1665273726480;989.81;988.07;991.12;;0.14;0.00
860102;C115_G4;;car;silver;1665285051100;1665285051160;991.78;991.78;991.78;;0.06;0.00
860882;C115_G4;;car;blue;1665287534180;1665287534260;867.51;867.51;867.51;;0.08;0.00
862590;C115_G4;;car;silver;1665292921200;1665292921260;1527.16;1527.16;1527.16;;0.06;0.00
863749;C115_G4;;car;silver;1665296140140;1665296140240;807.92;807.92;807.92;;0.10;0.00
864116;C115_G4;;car;black;1665297528140;1665297528200;1343.52;1343.52;1343.52;;0.06;0.00
865015;C115_G4;;car;white;1665299285820;1665299285880;1272.69;1272.69;1272.69;;0.06;0.00
865974;C115_G4;;car;silver;1665300719540;1665300719660;1215.86;1206.70;1234.17;;0.12;0.00
868080;C115_G4;;car;silver;1665302863820;1665302863920;1153.22;1153.22;1153.22;;0.10;0.00
872028;C115_G4;;car;red;1665305714160;1665305714220;982.47;982.47;982.47;;0.06;0.00
875388;C115_G4;;car;white;1665307643180;1665307643260;829.19;829.19;829.19;;0.08;0.00
875452;C115_G4;;car;silver;1665307677440;1665307677500;996.70;996.70;996.70;;0.06;0.00
876747;C115_G4;;car;white;1665308246300;1665308246380;1092.03;1092.03;1092.03;;0.08;0.00
877368;C115_G4;;car;silver;1665308526240;1665308526300;977.92;977.92;977.92;;0.06;0.00
877531;C115_G4;;car;silver;1665308606880;1665308606940;979.73;979.73;979.73;;0.06;0.00
884087;C115_G4;;car;silver;1665311623120;1665311623200;946.32;946.32;946.32;;0.08;0.00
887616;C115_G4;;car;silver;1665313355480;1665313355560;900.76;900.76;900.76;;0.08;0.00
888895;C115_G4;;car;black;1665313887880;1665313888020;1016.36;1016.36;1016.36;;0.14;0.00
889784;C115_G4;;car;silver;1665314191480;1665314191560;894.07;894.07;894.07;;0.08;0.00
891544;C115_G4;;car;black;1665314887860;1665314887920;984.58;984.58;984.58;;0.06;0.00
894505;C115_G4;;car;silver;1665316124120;1665316124200;972.94;972.94;972.94;;0.08;0.00
894791;C115_G4;;light;silver;1665316241640;1665316241720;833.57;833.57;833.57;;0.08;0.00
895160;C115_G4;;car;black;1665316426840;1665316426920;951.26;951.26;951.26;;0.08;0.00
896585;C115_G4;;car;silver;1665317029180;1665317029260;904.62;904.62;904.62;;0.08;0.00
897335;C115_G4;;car;white;1665317461640;1665317461720;874.68;874.68;874.68;;0.08;0.00
897651;C115_G4;;car;white;1665317662900;1665317662980;1010.63;1010.63;1010.63;;0.08;0.00
899815;C115_G4;;car;silver;1665319056260;1665319056340;820.07;820.07;820.07;;0.08;0.00
901336;C115_G4;;car;white;1665320022480;1665320022540;878.01;878.01;878.01;;0.06;0.00
901851;C115_G4;;car;silver;1665320362640;1665320362740;774.06;774.06;774.06;;0.10;0.00
904177;C115_G4;;car;black;1665321884320;1665321884400;727.63;727.63;727.63;;0.08;0.00
905084;C115_G4;;car;white;1665322571680;1665322571740;947.95;947.95;947.95;;0.06;0.00
907653;C115_G4;;car;silver;1665324072360;1665324072440;848.37;848.37;848.37;;0.08;0.00
908033;C115_G4;;car;black;1665324285380;1665324285440;1045.58;1045.58;1045.58;;0.06;0.00
908306;C115_G4;;car;white;1665324377420;1665324377520;759.89;759.89;759.89;;0.10;0.00
909519;C115_G4;;car;white;1665324805620;1665324805720;712.79;712.79;712.79;;0.10;0.00
911856;C115_G4;;car;black;1665325988720;1665325988800;844.18;844.18;844.18;;0.08;0.00
912459;C115_G4;;car;white;1665326244500;1665326244560;971.87;971.87;971.87;;0.06;0.00
914708;C115_G4;;car;black;1665327087960;1665327088060;823.24;823.24;823.24;;0.10;0.00
915412;C115_G4;;car;black;1665327318660;1665327318740;849.00;849.00;849.00;;0.08;0.00
915428;C115_G4;;car;white;1665327323600;1665327323680;971.47;971.47;971.47;;0.08;0.00
916190;C115_G4;;car;silver;1665327618260;1665327618420;853.40;853.39;853.41;;0.16;0.00
919304;C115_G4;;car;silver;1665328859400;1665328859480;763.53;763.53;763.53;;0.08;0.00
919758;C115_G4;;car;red;1665329058400;1665329058520;574.49;574.49;574.49;;0.12;0.00
920368;C115_G4;;car;silver;1665329383920;1665329384000;842.51;842.51;842.51;;0.08;0.00
921349;C115_G4;;car;silver;1665329958540;1665329958640;813.54;813.54;813.54;;0.10;0.00
921605;C115_G4;;car;white;1665330108760;1665330108840;811.12;811.12;811.12;;0.08;0.00
924526;C115_G4;;car;silver;1665331837940;1665331838000;1133.99;1133.99;1133.99;;0.06;0.00
925681;C115_G4;;car;white;1665332533100;1665332533200;667.56;667.56;667.56;;0.10;0.00
926056;C115_G4;;car;white;1665332675300;1665332675380;880.48;880.48;880.48;;0.08;0.00
927278;C115_G4;;car;silver;1665333213920;1665333214020;767.29;767.29;767.29;;0.10;0.00
929121;C115_G4;;car;silver;1665334394580;1665334394660;758.58;758.58;758.58;;0.08;0.00
930310;C115_G4;;car;white;1665335092660;1665335092760;766.46;766.46;766.46;;0.10;0.00
930629;C115_G4;;car;silver;1665335330880;1665335330960;925.10;925.10;925.10;;0.08;0.00
932084;C115_G4;;car;silver;1665336417540;1665336417640;793.20;793.20;793.20;;0.10;0.00
933654;C115_G4;;car;silver;1665337441280;1665337441440;884.83;884.83;884.83;;0.16;0.00
933659;C115_G4;;car;blue;1665337443020;1665337443120;747.01;747.01;747.01;;0.10;0.00
935389;C115_G4;;car;undefined;1665338739860;1665338740040;728.42;723.16;734.99;;0.18;0.00
935549;C115_G4;;car;black;1665338882700;1665338882780;880.35;880.35;880.35;;0.08;0.00
937520;C115_G4;;car;undefined;1665340281260;1665340281340;882.50;882.50;882.50;;0.08;0.00
937920;C115_G4;;car;silver;1665340536800;1665340536900;758.26;758.26;758.26;;0.10;0.00
1371709;C115_G4;;car;silver;1665845120660;1665845120720;1095.75;1095.75;1095.75;;0.06;0.00
1389794;C115_G4;;car;silver;1665891115120;1665891115200;1543.56;1543.56;1543.56;;0.06;0.00
1389916;C115_G4;;car;silver;1665891472460;1665891472500;1347.37;1347.37;1347.37;;0.04;0.00
1390257;C115_G4;;car;silver;1665891955140;1665891955200;1330.58;1330.58;1330.58;;0.06;0.00
1390859;C115_G4;;car;black;1665892776000;1665892776060;1052.14;1052.14;1052.14;;0.06;0.00
1392440;C115_G4;;car;silver;1665893883400;1665893883440;1699.05;1699.05;1699.05;;0.04;0.00
1393805;C115_G4;;car;blue;1665896084600;1665896084660;945.76;945.76;945.76;;0.06;0.00
1394006;C115_G4;;car;blue;1665896807640;1665896807740;1410.46;1405.36;1413.86;;0.10;0.00
1394128;C115_G4;;car;blue;1665896937260;1665896937340;1175.84;1175.84;1175.84;;0.08;0.00
1394716;C115_G4;;car;blue;1665897428500;1665897428540;1456.45;1456.45;1456.45;;0.04;0.00
1395118;C115_G4;;car;silver;1665897735860;1665897735900;1261.12;1261.12;1261.12;;0.04;0.00
1396449;C115_G4;;light;yellow;1665898719780;1665898719820;1256.71;1256.71;1256.71;;0.04;0.00
1396750;C115_G4;;car;yellow;1665899160620;1665899160680;1094.95;1094.95;1094.95;;0.06;0.00
1397812;C115_G4;;car;black;1665900250920;1665900250980;1130.82;1130.82;1130.82;;0.06;0.00
1398139;C115_G4;;car;black;1665900414760;1665900414800;1387.35;1387.35;1387.35;;0.04;0.00
1398298;C115_G4;;car;silver;1665900505420;1665900505460;1503.06;1503.06;1503.06;;0.04;0.00
1398827;C115_G4;;car;silver;1665901397560;1665901397620;1062.71;1061.47;1065.17;;0.06;0.00
1398837;C115_G4;;car;white;1665901404760;1665901404840;1029.95;1029.95;1029.95;;0.08;0.00
1398841;C115_G4;;car;blue;1665901407520;1665901407580;1070.30;1070.30;1070.30;;0.06;0.00
1399128;C115_G4;;car;silver;1665901848780;1665901848820;1172.86;1172.86;1172.86;;0.04;0.00
1399211;C115_G4;;car;silver;1665901977920;1665901977980;1082.36;1082.36;1082.36;;0.06;0.00
1399304;C115_G4;;car;white;1665902195280;1665902195360;1081.61;1081.61;1081.61;;0.08;0.00
1399347;C115_G4;;car;black;1665902402460;1665902402500;1389.50;1389.50;1389.50;;0.04;0.00
1399434;C115_G4;;car;black;1665902701540;1665902701600;1366.30;1366.30;1366.30;;0.06;0.00
1399953;C115_G4;;car;silver;1665903334340;1665903334400;1175.02;1175.02;1175.02;;0.06;0.00
1400509;C115_G4;;car;silver;1665903749520;1665903749580;1091.23;1091.23;1091.23;;0.06;0.00
1402195;C115_G4;;car;white;1665904619520;1665904619580;1297.56;1297.56;1297.56;;0.06;0.00
1403609;C115_G4;;light;white;1665905266340;1665905266480;1044.21;1039.64;1050.31;;0.14;0.00
1405484;C115_G4;;car;black;1665906018120;1665906018240;1166.84;1158.25;1175.43;;0.12;0.00
1410927;C115_G4;;car;white;1665908320280;1665908320420;1031.63;1030.61;1033.00;;0.14;0.00
1415734;C115_G4;;car;white;1665909953520;1665909953560;1415.12;1415.12;1415.12;;0.04;0.00
1419436;C115_G4;;car;white;1665911054840;1665911054880;1203.29;1203.29;1203.29;;0.04;0.00
1422495;C115_G4;;car;white;1665911895620;1665911895680;1110.49;1110.49;1110.49;;0.06;0.00
1422599;C115_G4;;car;silver;1665911941940;1665911942000;1286.77;1286.77;1286.77;;0.06;0.00
1422623;C115_G4;;car;silver;1665911953400;1665911953520;1314.86;1304.92;1324.80;;0.12;0.00
1424144;C115_G4;;car;white;1665912410540;1665912410620;981.14;981.14;981.14;;0.08;0.00
1430851;C115_G4;;car;silver;1665914566720;1665914566780;1214.18;1214.18;1214.18;;0.06;0.00
1432047;C115_G4;;car;white;1665914928760;1665914928860;903.46;903.46;903.46;;0.10;0.00
1432680;C115_G4;;car;white;1665915124740;1665915124860;929.92;929.92;929.92;;0.12;0.00
1435743;C115_G4;;car;white;1665916033820;1665916033900;1061.18;1061.18;1061.18;;0.08;0.00
1436526;C115_G4;;car;black;1665916389760;1665916389900;1000.12;999.91;1000.28;;0.14;0.00
1437082;C115_G4;;car;white;1665916562720;1665916562780;995.89;995.89;995.89;;0.06;0.00
1437125;C115_G4;;car;white;1665916595780;1665916595840;1115.80;1115.80;1115.80;;0.06;0.00
1437297;C115_G4;;car;black;1665916651860;1665916651980;1110.67;1104.76;1116.58;;0.12;0.00
1437365;C115_G4;;car;red;1665916680520;1665916680580;1055.30;1055.30;1055.30;;0.06;0.00
1437668;C115_G4;;car;black;1665916788880;1665916788940;1175.85;1175.85;1175.85;;0.06;0.00
1437960;C115_G4;;car;white;1665916911060;1665916911120;1048.79;1048.79;1048.79;;0.06;0.00
1438809;C115_G4;;car;silver;1665917307260;1665917307320;1176.97;1176.97;1176.97;;0.06;0.00
1439131;C115_G4;;car;black;1665917418120;1665917418200;986.40;986.40;986.40;;0.08;0.00
1440411;C115_G4;;car;silver;1665917877520;1665917877580;1146.11;1146.11;1146.11;;0.06;0.00
1440537;C115_G4;;car;silver;1665917929380;1665917929460;1063.52;1063.52;1063.52;;0.08;0.00
1440559;C115_G4;;car;silver;1665917936100;1665917936160;1147.42;1147.42;1147.42;;0.06;0.00
1440573;C115_G4;;car;black;1665917939060;1665917939200;986.06;986.00;986.13;;0.14;0.00
1441507;C115_G4;;car;white;1665918180080;1665918180140;986.90;986.90;986.90;;0.06;0.00
1441624;C115_G4;;car;silver;1665918232300;1665918232360;1052.05;1052.05;1052.05;;0.06;0.00
1441688;C115_G4;;car;black;1665918264080;1665918264140;1003.73;1003.73;1003.73;;0.06;0.00
1441974;C115_G4;;car;white;1665918355020;1665918355100;978.05;978.05;978.05;;0.08;0.00
1442039;C115_G4;;car;silver;1665918380420;1665918380560;986.77;985.30;987.86;;0.14;0.00
1442365;C115_G4;;car;black;1665918539520;1665918539680;963.00;957.64;968.36;;0.16;0.00
1442395;C115_G4;;car;silver;1665918545260;1665918545340;991.20;991.20;991.20;;0.08;0.00
1442507;C115_G4;;car;black;1665918577560;1665918577700;1006.07;1003.32;1009.75;;0.14;0.00
1442522;C115_G4;;car;silver;1665918580460;1665918580540;909.44;909.44;909.44;;0.08;0.00
1442833;C115_G4;;car;black;1665918722080;1665918722220;993.35;988.36;1000.01;;0.14;0.00
1442836;C115_G4;;car;silver;1665918725140;1665918725220;850.11;850.11;850.11;;0.08;0.00
1442926;C115_G4;;car;silver;1665918770180;1665918770220;1025.99;1025.99;1025.99;;0.04;0.00
1442970;C115_G4;;car;silver;1665918793280;1665918793340;1006.53;1006.53;1006.53;;0.06;0.00
1443010;C115_G4;;car;white;1665918817220;1665918817280;1055.86;1055.86;1055.86;;0.06;0.00
1443112;C115_G4;;car;black;1665918872840;1665918872960;1069.33;1059.68;1076.70;;0.12;0.00
1443334;C115_G4;;car;white;1665918970280;1665918970340;1079.55;1079.55;1079.55;;0.06;0.00
1443404;C115_G4;;car;white;1665919011540;1665919011680;997.78;997.12;998.28;;0.14;0.00
1443411;C115_G4;;car;black;1665919013860;1665919014020;964.22;963.21;965.63;;0.16;0.00
1443425;C115_G4;;car;silver;1665919016540;1665919016600;1087.73;1087.73;1087.73;;0.06;0.00
1443539;C115_G4;;car;silver;1665919063940;1665919063980;1540.51;1540.51;1540.51;;0.04;0.00
1443551;C115_G4;;car;silver;1665919074600;1665919074680;1086.36;1086.36;1086.36;;0.08;0.00
1443772;C115_G4;;car;silver;1665919142180;1665919142240;945.64;945.64;945.64;;0.06;0.00
1443787;C115_G4;;car;black;1665919146860;1665919146960;1460.95;1460.86;1461.01;;0.10;0.00
1443909;C115_G4;;car;black;1665919224200;1665919224240;1231.89;1231.89;1231.89;;0.04;0.00
1444115;C115_G4;;car;silver;1665919336900;1665919336940;1371.30;1371.30;1371.30;;0.04;0.00
1444214;C115_G4;;car;silver;1665919392140;1665919392260;856.44;855.37;857.50;;0.12;0.00
1444395;C115_G4;;car;black;1665919462500;1665919462580;941.04;941.04;941.04;;0.08;0.00
1444542;C115_G4;;car;black;1665919522660;1665919522740;933.98;933.98;933.98;;0.08;0.00
1444546;C115_G4;;car;white;1665919525780;1665919525840;921.01;921.01;921.01;;0.06;0.00
1444879;C115_G4;;car;white;1665919619460;1665919619520;895.09;895.09;895.09;;0.06;0.00
1445051;C115_G4;;car;black;1665919704660;1665919704780;1187.58;1182.47;1192.70;;0.12;0.00
1445163;C115_G4;;car;black;1665919769040;1665919769080;1491.24;1491.24;1491.24;;0.04;0.00
1445219;C115_G4;;car;silver;1665919821640;1665919821700;887.95;887.95;887.95;;0.06;0.00
1445463;C115_G4;;car;silver;1665919947300;1665919947380;966.43;966.43;966.43;;0.08;0.00
1445618;C115_G4;;car;black;1665920033560;1665920033640;1028.71;1028.71;1028.71;;0.08;0.00
1445836;C115_G4;;car;white;1665920140080;1665920140160;1015.16;1015.16;1015.16;;0.08;0.00
1446110;C115_G4;;car;red;1665920284520;1665920284580;1025.03;1025.03;1025.03;;0.06;0.00
1446169;C115_G4;;car;silver;1665920333580;1665920333640;1076.65;1076.65;1076.65;;0.06;0.00
1446195;C115_G4;;car;silver;1665920346600;1665920346660;997.52;997.52;997.52;;0.06;0.00
1446323;C115_G4;;light;white;1665920387760;1665920387900;902.93;902.67;903.28;;0.14;0.00
1446528;C115_G4;;car;black;1665920477000;1665920477060;1184.91;1184.91;1184.91;;0.06;0.00
1446804;C115_G4;;car;black;1665920575540;1665920575600;1148.12;1148.12;1148.12;;0.06;0.00
1446850;C115_G4;;car;silver;1665920604000;1665920604060;1084.49;1084.49;1084.49;;0.06;0.00
1446859;C115_G4;;car;black;1665920611440;1665920611520;931.03;931.03;931.03;;0.08;0.00
1446868;C115_G4;;car;silver;1665920613700;1665920613760;1113.08;1113.08;1113.08;;0.06;0.00
1447156;C115_G4;;car;black;1665920779040;1665920779120;992.68;992.68;992.68;;0.08;0.00
1447273;C115_G4;;car;white;1665920828760;1665920828840;1024.21;1024.21;1024.21;;0.08;0.00
1447465;C115_G4;;car;black;1665920935300;1665920935360;1198.69;1198.69;1198.69;;0.06;0.00
1447491;C115_G4;;car;white;1665920950860;1665920950920;831.57;831.57;831.57;;0.06;0.00
1447622;C115_G4;;car;white;1665921009160;1665921009220;846.95;846.95;846.95;;0.06;0.00
1447631;C115_G4;;car;black;1665921012320;1665921012400;921.82;921.82;921.82;;0.08;0.00
1447647;C115_G4;;car;silver;1665921027620;1665921027680;1402.59;1402.59;1402.59;;0.06;0.00
1447656;C115_G4;;car;black;1665921032820;1665921032880;1174.41;1174.41;1174.41;;0.06;0.00
1447838;C115_G4;;car;black;1665921093160;1665921093240;1003.12;1003.12;1003.12;;0.08;0.00
1447844;C115_G4;;car;black;1665921095100;1665921095240;1030.38;1025.68;1033.92;;0.14;0.00
1448356;C115_G4;;car;black;1665921269780;1665921269900;1145.64;1144.23;1147.05;;0.12;0.00
1448369;C115_G4;;car;black;1665921273840;1665921273900;1060.64;1060.64;1060.64;;0.06;0.00
1448377;C115_G4;;car;silver;1665921275040;1665921275180;1156.31;1145.57;1170.63;;0.14;0.00
1448526;C115_G4;;car;black;1665921344580;1665921344680;1101.71;1099.20;1103.43;;0.10;0.00
1448647;C115_G4;;car;black;1665921409200;1665921409280;872.19;872.19;872.19;;0.08;0.00
1448651;C115_G4;;car;silver;1665921410860;1665921410900;962.47;962.47;962.47;;0.04;0.00
1448705;C115_G4;;car;silver;1665921442600;1665921442660;1168.84;1168.84;1168.84;;0.06;0.00
1448706;C115_G4;;car;black;1665921445180;1665921445240;1031.68;1031.68;1031.68;;0.06;0.00
1448736;C115_G4;;car;black;1665921460700;1665921460760;1066.43;1066.43;1066.43;;0.06;0.00
1448870;C115_G4;;car;silver;1665921519240;1665921519300;1069.64;1069.64;1069.64;;0.06;0.00
1449150;C115_G4;;car;white;1665921599560;1665921599640;935.67;935.67;935.67;;0.08;0.00
1449263;C115_G4;;car;white;1665921638980;1665921639020;1110.49;1110.49;1110.49;;0.04;0.00
1449507;C115_G4;;car;silver;1665921749280;1665921749380;913.52;913.52;913.52;;0.10;0.00
1449542;C115_G4;;car;black;1665921770440;1665921770500;1164.76;1164.76;1164.76;;0.06;0.00
1449552;C115_G4;;car;white;1665921773580;1665921773640;1012.10;1012.10;1012.10;;0.06;0.00
1449657;C115_G4;;car;black;1665921812480;1665921812540;1336.47;1336.47;1336.47;;0.06;0.00
1449768;C115_G4;;car;black;1665921847160;1665921847260;1082.32;1082.32;1082.32;;0.10;0.00
1449817;C115_G4;;car;black;1665921861940;1665921862000;1113.53;1113.53;1113.53;;0.06;0.00
1449855;C115_G4;;car;silver;1665921872820;1665921872880;1112.32;1112.32;1112.32;;0.06;0.00
1449963;C115_G4;;car;silver;1665921913700;1665921913760;1191.85;1191.85;1191.85;;0.06;0.00
1450013;C115_G4;;car;silver;1665921935580;1665921935640;1144.83;1144.83;1144.83;;0.06;0.00
1450517;C115_G4;;car;white;1665922126720;1665922126760;1371.80;1371.80;1371.80;;0.04;0.00
1451176;C115_G4;;car;black;1665922313920;1665922313960;1151.20;1151.20;1151.20;;0.04;0.00
1451242;C115_G4;;car;silver;1665922334120;1665922334180;1060.63;1060.63;1060.63;;0.06;0.00
1451250;C115_G4;;car;red;1665922335920;1665922336040;1115.42;1112.92;1117.93;;0.12;0.00
1451781;C115_G4;;car;silver;1665922492600;1665922492660;1132.34;1132.34;1132.34;;0.06;0.00
1451896;C115_G4;;car;silver;1665922520980;1665922521040;1127.73;1127.73;1127.73;;0.06;0.00
1451994;C115_G4;;car;white;1665922566360;1665922566440;848.59;848.59;848.59;;0.08;0.00
1452936;C115_G4;;car;silver;1665922906400;1665922906460;1041.17;1041.17;1041.17;;0.06;0.00
1453005;C115_G4;;car;black;1665922925500;1665922925560;1224.09;1224.09;1224.09;;0.06;0.00
1453268;C115_G4;;car;black;1665923032580;1665923032700;1178.54;1173.47;1183.61;;0.12;0.00
1453278;C115_G4;;car;silver;1665923036140;1665923036220;853.01;853.01;853.01;;0.08;0.00
1453367;C115_G4;;car;black;1665923058080;1665923058160;1039.24;1039.24;1039.24;;0.08;0.00
1453376;C115_G4;;car;silver;1665923060560;1665923060620;1056.56;1056.56;1056.56;;0.06;0.00
1453655;C115_G4;;car;silver;1665923179800;1665923179860;1028.19;1028.19;1028.19;;0.06;0.00
1453844;C115_G4;;car;silver;1665923238680;1665923238760;1048.84;1048.84;1048.84;;0.08;0.00
1454109;C115_G4;;car;black;1665923355780;1665923355840;1038.04;1038.04;1038.04;;0.06;0.00
1454175;C115_G4;;car;silver;1665923383360;1665923383420;1074.73;1074.73;1074.73;;0.06;0.00
1454397;C115_G4;;car;black;1665923480080;1665923480240;862.34;861.32;863.36;;0.16;0.00
1454613;C115_G4;;car;black;1665923568860;1665923568920;982.40;982.40;982.40;;0.06;0.00
1454635;C115_G4;;car;white;1665923574280;1665923574340;1067.95;1067.95;1067.95;;0.06;0.00
1454675;C115_G4;;car;black;1665923583280;1665923583380;1123.07;1119.75;1125.28;;0.10;0.00
1454932;C115_G4;;car;black;1665923691820;1665923691900;1051.30;1051.30;1051.30;;0.08;0.00
1454962;C115_G4;;car;silver;1665923705140;1665923705200;925.24;925.24;925.24;;0.06;0.00
1455001;C115_G4;;car;silver;1665923722020;1665923722080;1319.72;1319.72;1319.72;;0.06;0.00
1455157;C115_G4;;car;silver;1665923800420;1665923800480;1063.21;1063.21;1063.21;;0.06;0.00
1455161;C115_G4;;car;silver;1665923802300;1665923802360;1128.84;1128.84;1128.84;;0.06;0.00
1455195;C115_G4;;car;silver;1665923811400;1665923811460;1028.76;1028.76;1028.76;;0.06;0.00
1455204;C115_G4;;car;white;1665923818820;1665923818880;1195.88;1195.88;1195.88;;0.06;0.00
1455411;C115_G4;;car;black;1665923917120;1665923917260;1084.95;1082.53;1086.76;;0.14;0.00
1455446;C115_G4;;car;silver;1665923927000;1665923927100;1307.00;1303.39;1310.61;;0.08;0.00
1455826;C115_G4;;car;black;1665924055580;1665924055700;1248.17;1238.49;1257.85;;0.12;0.00
1456198;C115_G4;;car;silver;1665924191180;1665924191260;1119.18;1119.18;1119.18;;0.08;0.00
1456260;C115_G4;;car;silver;1665924217960;1665924218040;1053.31;1053.31;1053.31;;0.08;0.00
1456448;C115_G4;;car;black;1665924287300;1665924287400;1204.62;1192.83;1222.31;;0.10;0.00
1456451;C115_G4;;car;white;1665924288720;1665924288760;1176.35;1176.35;1176.35;;0.04;0.00
1456465;C115_G4;;car;white;1665924292020;1665924292080;1130.88;1130.88;1130.88;;0.06;0.00
1456520;C115_G4;;car;silver;1665924311680;1665924311780;1359.81;1357.29;1361.49;;0.10;0.00
1456990;C115_G4;;car;silver;1665924478040;1665924478100;978.59;978.59;978.59;;0.06;0.00
1457056;C115_G4;;car;silver;1665924499280;1665924499340;1052.46;1052.46;1052.46;;0.06;0.00
1457098;C115_G4;;car;silver;1665924521840;1665924521920;907.84;907.84;907.84;;0.08;0.00
1457510;C115_G4;;car;silver;1665924669520;1665924669580;1040.42;1040.42;1040.42;;0.06;0.00
1457537;C115_G4;;car;silver;1665924677860;1665924677920;1105.97;1105.97;1105.97;;0.06;0.00
1457928;C115_G4;;car;silver;1665924820700;1665924820760;992.47;992.47;992.47;;0.06;0.00
1458583;C115_G4;;car;silver;1665925028820;1665925028920;1371.50;1371.50;1371.50;;0.10;0.00
1458603;C115_G4;;car;silver;1665925036140;1665925036200;1012.08;1012.08;1012.08;;0.06;0.00
1458735;C115_G4;;car;white;1665925088020;1665925088080;982.12;982.12;982.12;;0.06;0.00
1458896;C115_G4;;car;silver;1665925149860;1665925149920;1142.65;1142.65;1142.65;;0.06;0.00
1459282;C115_G4;;car;silver;1665925272480;1665925272540;1014.78;1014.78;1014.78;;0.06;0.00
1459291;C115_G4;;car;black;1665925276240;1665925276300;1225.56;1225.56;1225.56;;0.06;0.00
1459370;C115_G4;;car;silver;1665925299940;1665925300000;1045.51;1045.51;1045.51;;0.06;0.00
1459539;C115_G4;;car;silver;1665925368020;1665925368080;1010.91;1010.91;1010.91;;0.06;0.00
1459547;C115_G4;;car;red;1665925369840;1665925369900;1061.31;1061.31;1061.31;;0.06;0.00
1460146;C115_G4;;car;black;1665925588520;1665925588600;1015.09;1015.09;1015.09;;0.08;0.00
1460418;C115_G4;;car;white;1665925679000;1665925679080;1140.01;1140.01;1140.01;;0.08;0.00
1461048;C115_G4;;car;black;1665925911800;1665925911840;1238.81;1238.81;1238.81;;0.04;0.00
1461722;C115_G4;;car;silver;1665926225540;1665926225600;958.88;958.88;958.88;;0.06;0.00
1462490;C115_G4;;car;black;1665926562200;1665926562260;1119.85;1119.85;1119.85;;0.06;0.00
1462542;C115_G4;;car;white;1665926596000;1665926596060;1021.32;1021.32;1021.32;;0.06;0.00
1463139;C115_G4;;car;black;1665926826500;1665926826640;1059.66;1049.19;1073.61;;0.14;0.00
1463507;C115_G4;;car;silver;1665926960860;1665926960940;1040.92;1040.92;1040.92;;0.08;0.00
1463535;C115_G4;;car;black;1665926974620;1665926974700;874.16;874.16;874.16;;0.08;0.00
1463588;C115_G4;;car;black;1665926988780;1665926988840;953.62;953.62;953.62;;0.06;0.00
1463695;C115_G4;;car;silver;1665927048200;1665927048260;979.27;979.27;979.27;;0.06;0.00
1463760;C115_G4;;car;silver;1665927077440;1665927077520;1205.59;1205.59;1205.59;;0.08;0.00
1463860;C115_G4;;car;silver;1665927116940;1665927117000;1180.00;1180.00;1180.00;;0.06;0.00
1464336;C115_G4;;car;black;1665927271460;1665927271600;1065.92;1065.92;1065.92;;0.14;0.00
1464643;C115_G4;;car;black;1665927396420;1665927396480;1161.51;1161.51;1161.51;;0.06;0.00
1464650;C115_G4;;car;silver;1665927398340;1665927398400;1164.54;1164.54;1164.54;;0.06;0.00
1464894;C115_G4;;car;silver;1665927487760;1665927487880;1046.85;1041.13;1052.57;;0.12;0.00
1465059;C115_G4;;car;black;1665927558820;1665927558880;1062.80;1062.80;1062.80;;0.06;0.00
1465977;C115_G4;;car;silver;1665927862100;1665927862160;873.51;873.51;873.51;;0.06;0.00
1466225;C115_G4;;car;black;1665927951240;1665927951360;1253.65;1253.65;1253.65;;0.12;0.00
1466335;C115_G4;;car;black;1665928003840;1665928003900;1346.32;1346.32;1346.32;;0.06;0.00
1466874;C115_G4;;car;black;1665928194540;1665928194600;1117.02;1117.02;1117.02;;0.06;0.00
1466936;C115_G4;;car;white;1665928209360;1665928209440;910.61;910.61;910.61;;0.08;0.00
1466958;C115_G4;;car;white;1665928214980;1665928215060;1068.96;1068.96;1068.96;;0.08;0.00
1467538;C115_G4;;car;black;1665928372580;1665928372640;1045.45;1045.45;1045.45;;0.06;0.00
1467545;C115_G4;;car;white;1665928375220;1665928375300;1015.24;1015.24;1015.24;;0.08;0.00
1468447;C115_G4;;car;black;1665928674600;1665928674660;988.90;988.90;988.90;;0.06;0.00
1468474;C115_G4;;car;silver;1665928681600;1665928681660;1102.84;1102.84;1102.84;;0.06;0.00
1468699;C115_G4;;car;black;1665928767620;1665928767700;911.22;911.22;911.22;;0.08;0.00
1468705;C115_G4;;car;white;1665928770400;1665928770460;946.20;946.20;946.20;;0.06;0.00
1469205;C115_G4;;car;black;1665928878180;1665928878240;1209.09;1209.09;1209.09;;0.06;0.00
1469660;C115_G4;;car;black;1665928989100;1665928989220;1261.91;1261.09;1262.73;;0.12;0.00
1470380;C115_G4;;car;silver;1665929201640;1665929201700;1191.67;1191.67;1191.67;;0.06;0.00
1470632;C115_G4;;car;silver;1665929290460;1665929290540;1073.41;1073.41;1073.41;;0.08;0.00
1471070;C115_G4;;car;black;1665929416200;1665929416380;1010.09;1003.53;1017.78;;0.18;0.00
1471622;C115_G4;;car;silver;1665929527320;1665929527380;1070.61;1070.61;1070.61;;0.06;0.00
1471778;C115_G4;;car;black;1665929562180;1665929562240;970.45;970.45;970.45;;0.06;0.00
1472093;C115_G4;;car;silver;1665929660440;1665929660520;961.89;961.89;961.89;;0.08;0.00
1472810;C115_G4;;car;white;1665929909960;1665929910020;1181.32;1181.32;1181.32;;0.06;0.00
1473536;C115_G4;;car;white;1665930124700;1665930124760;1082.94;1082.94;1082.94;;0.06;0.00
1473670;C115_G4;;car;white;1665930183180;1665930183320;966.73;962.33;972.59;;0.14;0.00
1473735;C115_G4;;car;black;1665930191680;1665930191840;989.90;985.80;992.52;;0.16;0.00
1475876;C115_G4;;car;black;1665930888540;1665930888600;1091.03;1091.03;1091.03;;0.06;0.00
1476314;C115_G4;;car;black;1665931014480;1665931014640;992.60;989.66;995.54;;0.16;0.00
1476901;C115_G4;;car;black;1665931219460;1665931219520;1086.72;1086.72;1086.72;;0.06;0.00
1477892;C115_G4;;car;silver;1665931536360;1665931536440;955.37;955.37;955.37;;0.08;0.00
1478205;C115_G4;;car;silver;1665931660680;1665931660840;990.96;983.45;998.48;;0.16;0.00
1478512;C115_G4;;car;silver;1665931746900;1665931747000;1280.59;1274.71;1284.50;;0.10;0.00
1478703;C115_G4;;car;silver;1665931802520;1665931802660;1015.13;1008.47;1020.13;;0.14;0.00
1478709;C115_G4;;car;silver;1665931804860;1665931804960;1040.35;1040.35;1040.35;;0.10;0.00
1479285;C115_G4;;car;black;1665931993620;1665931993700;1064.65;1064.65;1064.65;;0.08;0.00
1479412;C115_G4;;car;silver;1665932057600;1665932057720;977.72;973.72;981.73;;0.12;0.00
1480296;C115_G4;;car;black;1665932373080;1665932373200;1066.41;1062.75;1070.06;;0.12;0.00
1480469;C115_G4;;car;white;1665932418840;1665932418920;932.25;932.25;932.25;;0.08;0.00
1480525;C115_G4;;car;silver;1665932436800;1665932436900;1056.38;1056.38;1056.38;;0.10;0.00
1480536;C115_G4;;car;silver;1665932439320;1665932439380;1002.36;1002.36;1002.36;;0.06;0.00
1481103;C115_G4;;car;silver;1665932626460;1665932626540;958.02;958.02;958.02;;0.08;0.00
1481613;C115_G4;;car;black;1665932745020;1665932745100;930.11;930.11;930.11;;0.08;0.00
1481811;C115_G4;;car;silver;1665932785620;1665932785700;980.58;980.58;980.58;;0.08;0.00
1482627;C115_G4;;car;silver;1665932993940;1665932994000;1058.04;1058.04;1058.04;;0.06;0.00
1483428;C115_G4;;car;silver;1665933293440;1665933293520;976.42;976.42;976.42;;0.08;0.00
1483451;C115_G4;;car;black;1665933302760;1665933302840;911.22;911.22;911.22;;0.08;0.00
1483612;C115_G4;;car;black;1665933388360;1665933388520;981.68;978.53;984.82;;0.16;0.00
1483829;C115_G4;;car;silver;1665933455400;1665933455480;813.94;813.94;813.94;;0.08;0.00
1483836;C115_G4;;car;black;1665933460100;1665933460160;1123.94;1123.94;1123.94;;0.06;0.00
1484068;C115_G4;;car;blue;1665933541240;1665933541340;1172.02;1172.02;1172.02;;0.10;0.00
1484196;C115_G4;;car;silver;1665933586520;1665933586580;912.59;912.59;912.59;;0.06;0.00
1484279;C115_G4;;car;white;1665933601900;1665933601980;928.56;928.56;928.56;;0.08;0.00
1484732;C115_G4;;car;black;1665933761300;1665933761380;923.41;923.41;923.41;;0.08;0.00
1485141;C115_G4;;car;silver;1665933900020;1665933900080;1181.13;1181.13;1181.13;;0.06;0.00
1485400;C115_G4;;car;black;1665934021260;1665934021320;942.18;942.18;942.18;;0.06;0.00
1485469;C115_G4;;car;black;1665934056600;1665934056660;955.04;955.04;955.04;;0.06;0.00
1485853;C115_G4;;car;black;1665934221600;1665934221720;1107.12;1103.02;1111.22;;0.12;0.00
1486773;C115_G4;;car;red;1665934539540;1665934539600;1187.48;1187.48;1187.48;;0.06;0.00
1486799;C115_G4;;car;black;1665934545040;1665934545100;1184.25;1184.25;1184.25;;0.06;0.00
1487142;C115_G4;;car;black;1665934691460;1665934691540;1035.70;1035.70;1035.70;;0.08;0.00
1487241;C115_G4;;car;white;1665934712780;1665934712880;864.40;864.40;864.40;;0.10;0.00
1487276;C115_G4;;car;silver;1665934720520;1665934720600;849.75;849.75;849.75;;0.08;0.00
1487293;C115_G4;;car;silver;1665934727900;1665934727960;902.45;902.45;902.45;;0.06;0.00
1487385;C115_G4;;car;black;1665934757780;1665934757880;874.65;874.65;874.65;;0.10;0.00
1487586;C115_G4;;car;silver;1665934846340;1665934846500;830.84;829.51;832.17;;0.16;0.00
1487771;C115_G4;;car;black;1665934928780;1665934928920;929.73;928.49;931.38;;0.14;0.00
1488526;C115_G4;;car;silver;1665935228840;1665935229000;893.29;887.17;899.42;;0.16;0.00
1488887;C115_G4;;car;black;1665935375820;1665935375960;928.03;927.24;928.62;;0.14;0.00
1489275;C115_G4;;car;silver;1665935495980;1665935496060;818.95;818.95;818.95;;0.08;0.00
1489322;C115_G4;;car;white;1665935510880;1665935510960;776.60;776.60;776.60;;0.08;0.00
1489627;C115_G4;;car;silver;1665935602960;1665935603040;979.89;979.89;979.89;;0.08;0.00
1491058;C115_G4;;car;silver;1665935955360;1665935955460;842.63;842.63;842.63;;0.10;0.00
1491708;C115_G4;;car;black;1665936103840;1665936103940;828.86;828.86;828.86;;0.10;0.00
1492105;C115_G4;;car;black;1665936179980;1665936180060;1018.05;1018.05;1018.05;;0.08;0.00
1492140;C115_G4;;car;silver;1665936188100;1665936188160;1075.31;1075.31;1075.31;;0.06;0.00
1493696;C115_G4;;car;silver;1665936596760;1665936596820;1168.66;1168.66;1168.66;;0.06;0.00
1493704;C115_G4;;car;white;1665936598300;1665936598360;1111.67;1111.67;1111.67;;0.06;0.00
1494395;C115_G4;;car;white;1665936827860;1665936827960;819.30;819.30;819.30;;0.10;0.00
1494561;C115_G4;;car;black;1665936883180;1665936883340;934.10;931.43;936.77;;0.16;0.00
1494917;C115_G4;;car;white;1665936995340;1665936995400;1209.18;1209.18;1209.18;;0.06;0.00
1496361;C115_G4;;car;silver;1665937364180;1665937364240;1202.71;1202.71;1202.71;;0.06;0.00
1496874;C115_G4;;car;white;1665937519880;1665937520040;919.86;919.28;920.43;;0.16;0.00
1498112;C115_G4;;car;silver;1665937889880;1665937889940;1119.52;1119.52;1119.52;;0.06;0.00
1498136;C115_G4;;car;black;1665937894760;1665937894800;1310.87;1310.87;1310.87;;0.04;0.00
1498480;C115_G4;;car;white;1665937983000;1665937983080;905.38;905.38;905.38;;0.08;0.00
1499272;C115_G4;;car;silver;1665938212500;1665938212560;1049.21;1049.21;1049.21;;0.06;0.00
1501442;C115_G4;;car;silver;1665938906660;1665938906740;1010.58;1010.58;1010.58;;0.08;0.00
1501734;C115_G4;;car;silver;1665939007020;1665939007080;1314.86;1314.86;1314.86;;0.06;0.00
1502102;C115_G4;;car;silver;1665939124520;1665939124600;1040.23;1040.23;1040.23;;0.08;0.00
1502111;C115_G4;;car;white;1665939128140;1665939128220;809.18;809.18;809.18;;0.08;0.00
1502990;C115_G4;;car;white;1665939462760;1665939462880;1122.51;1107.66;1137.36;;0.12;0.00
1502991;C115_G4;;car;black;1665939460620;1665939460700;950.83;950.83;950.83;;0.08;0.00
1503780;C115_G4;;car;black;1665939780280;1665939780360;956.19;956.19;956.19;;0.08;0.00
1505554;C115_G4;;car;white;1665940599420;1665940599500;977.94;977.94;977.94;;0.08;0.00
1506741;C115_G4;;car;silver;1665941087800;1665941087860;918.65;918.65;918.65;;0.06;0.00
1507514;C115_G4;;car;black;1665941376000;1665941376060;991.07;991.07;991.07;;0.06;0.00
1508695;C115_G4;;car;white;1665941906580;1665941906660;784.56;784.56;784.56;;0.08;0.00
1508704;C115_G4;;car;white;1665941911740;1665941911820;802.40;802.40;802.40;;0.08;0.00
1509051;C115_G4;;car;silver;1665942049680;1665942049760;1045.64;1045.64;1045.64;;0.08;0.00
1512540;C115_G4;;car;silver;1665943082600;1665943082660;1043.69;1043.69;1043.69;;0.06;0.00
1513102;C115_G4;;car;black;1665943276620;1665943276760;1095.94;1081.96;1106.41;;0.14;0.00
1513661;C115_G4;;car;red;1665943543000;1665943543100;817.05;817.05;817.05;;0.10;0.00
1514071;C115_G4;;car;silver;1665943722420;1665943722500;926.91;926.91;926.91;;0.08;0.00
1514151;C115_G4;;car;blue;1665943734980;1665943735040;897.54;897.54;897.54;;0.06;0.00
1514396;C115_G4;;car;white;1665943875540;1665943875680;890.53;889.30;892.17;;0.14;0.00
1514527;C115_G4;;car;black;1665943935280;1665943935360;974.41;974.41;974.41;;0.08;0.00
1514852;C115_G4;;car;black;1665944042340;1665944042400;1111.70;1111.70;1111.70;;0.06;0.00
1514874;C115_G4;;car;undefined;1665944050040;1665944050200;834.43;834.07;834.70;;0.14;0.00
1515263;C115_G4;;car;blue;1665944186920;1665944186980;1089.96;1089.96;1089.96;;0.06;0.00
1515539;C115_G4;;car;silver;1665944299020;1665944299100;836.73;836.73;836.73;;0.08;0.00
1515545;C115_G4;;car;black;1665944302560;1665944302620;826.89;826.89;826.89;;0.06;0.00
1515733;C115_G4;;car;silver;1665944372060;1665944372240;934.05;930.05;938.06;;0.16;0.00
1515816;C115_G4;;car;black;1665944400720;1665944400780;791.02;791.02;791.02;;0.06;0.00
1515923;C115_G4;;car;silver;1665944419220;1665944419300;1043.91;1043.91;1043.91;;0.08;0.00
1516076;C115_G4;;car;black;1665944493000;1665944493120;1014.72;1014.72;1014.72;;0.12;0.00
1516094;C115_G4;;car;white;1665944495040;1665944495100;887.99;887.99;887.99;;0.06;0.00
1516119;C115_G4;;car;silver;1665944503740;1665944503800;1077.17;1077.17;1077.17;;0.06;0.00
1516182;C115_G4;;car;silver;1665944522000;1665944522100;1313.71;1299.14;1323.43;;0.10;0.00
1516296;C115_G4;;car;black;1665944577460;1665944577540;885.85;885.85;885.85;;0.08;0.00
1516323;C115_G4;;car;blue;1665944581820;1665944581900;810.98;810.98;810.98;;0.08;0.00
1516672;C115_G4;;car;black;1665944714740;1665944714820;855.30;855.30;855.30;;0.08;0.00
1516717;C115_G4;;car;silver;1665944723540;1665944723620;852.01;852.01;852.01;;0.08;0.00
1516835;C115_G4;;car;silver;1665944762160;1665944762240;929.24;929.24;929.24;;0.08;0.00
1517215;C115_G4;;car;blue;1665944877420;1665944877520;813.88;813.88;813.88;;0.10;0.00
1517725;C115_G4;;car;white;1665945104240;1665945104300;816.54;816.54;816.54;;0.06;0.00
1518038;C115_G4;;car;silver;1665945274020;1665945274100;875.90;875.90;875.90;;0.08;0.00
1519413;C115_G4;;car;silver;1665945946020;1665945946100;768.85;768.85;768.85;;0.08;0.00
1519609;C115_G4;;car;white;1665946036580;1665946036660;861.64;861.64;861.64;;0.08;0.00
1519668;C115_G4;;car;blue;1665946086860;1665946086940;868.66;868.66;868.66;;0.08;0.00
1520157;C115_G4;;car;silver;1665946355780;1665946355860;825.87;825.87;825.87;;0.08;0.00
1520312;C115_G4;;car;undefined;1665946420060;1665946420120;967.85;967.85;967.85;;0.06;0.00
1520400;C115_G4;;car;black;1665946484440;1665946484500;1141.94;1141.94;1141.94;;0.06;0.00
1520435;C115_G4;;car;black;1665946493160;1665946493240;870.76;870.76;870.76;;0.08;0.00
1520599;C115_G4;;car;black;1665946570320;1665946570380;1000.74;1000.74;1000.74;;0.06;0.00
1520841;C115_G4;;car;silver;1665946659320;1665946659400;965.12;965.12;965.12;;0.08;0.00
1520936;C115_G4;;car;silver;1665946710860;1665946710940;902.09;902.09;902.09;;0.08;0.00
1520942;C115_G4;;light;silver;1665946712060;1665946712240;1033.25;1031.29;1034.83;;0.18;0.00
1521713;C115_G4;;car;blue;1665947056780;1665947056840;945.84;945.84;945.84;;0.06;0.00
1521720;C115_G4;;car;black;1665947058740;1665947058800;1161.61;1161.61;1161.61;;0.06;0.00
1521779;C115_G4;;car;blue;1665947081360;1665947081440;854.66;854.66;854.66;;0.08;0.00
1521975;C115_G4;;car;silver;1665947199180;1665947199280;861.23;861.23;861.23;;0.10;0.00
1522414;C115_G4;;car;silver;1665947489440;1665947489600;852.29;847.06;857.51;;0.16;0.00
1522803;C115_G4;;car;blue;1665947734800;1665947734920;678.27;678.27;678.27;;0.12;0.00
1524221;C115_G4;;car;blue;1665948657500;1665948657580;918.29;918.29;918.29;;0.08;0.00
1524670;C115_G4;;car;black;1665949082700;1665949082780;904.83;904.83;904.83;;0.08;0.00
1525468;C115_G4;;car;white;1665949705680;1665949705780;711.55;711.55;711.55;;0.10;0.00
1526006;C115_G4;;car;silver;1665950001340;1665950001420;884.64;884.64;884.64;;0.08;0.00
1526122;C115_G4;;car;black;1665950110400;1665950110460;780.10;780.10;780.10;;0.06;0.00
1526453;C115_G4;;car;silver;1665950454720;1665950454800;967.12;967.12;967.12;;0.08;0.00
1526560;C115_G4;;car;white;1665950586540;1665950586620;791.25;791.25;791.25;;0.08;0.00
1526652;C115_G4;;car;undefined;1665950654880;1665950655000;976.58;969.65;983.51;;0.12;0.00
1527225;C115_G4;;car;silver;1665951064160;1665951064260;807.43;807.43;807.43;;0.10;0.00
1527239;C115_G4;;car;silver;1665951070920;1665951071000;895.57;895.57;895.57;;0.08;0.00
1527426;C115_G4;;car;silver;1665951258760;1665951258840;908.46;908.46;908.46;;0.08;0.00
1527491;C115_G4;;car;black;1665951318920;1665951319040;768.49;768.49;768.49;;0.12;0.00
1528221;C115_G4;;car;black;1665951859860;1665951859940;908.38;908.38;908.38;;0.08;0.00
1528367;C115_G4;;car;silver;1665951987500;1665951987560;995.35;995.35;995.35;;0.06;0.00
1528503;C115_G4;;car;black;1665952151300;1665952151380;851.06;851.06;851.06;;0.08;0.00
1528761;C115_G4;;car;black;1665952425420;1665952425480;940.09;940.09;940.09;;0.06;0.00
1529043;C115_G4;;car;black;1665952847400;1665952847460;1148.88;1148.88;1148.88;;0.06;0.00
1529719;C115_G4;;car;black;1665953577020;1665953577100;897.64;897.64;897.64;;0.08;0.00
1529730;C115_G4;;car;black;1665953579200;1665953579260;1025.37;1025.37;1025.37;;0.06;0.00
1529958;C115_G4;;car;silver;1665953817880;1665953817960;721.42;721.42;721.42;;0.08;0.00
1530334;C115_G4;;heavy;yellow;1665954369600;1665954369680;790.64;790.64;790.64;;0.08;0.00
1530884;C115_G4;;car;silver;1665954845580;1665954845660;721.08;721.08;721.08;;0.08;0.00
1531009;C115_G4;;car;black;1665954955240;1665954955300;1229.06;1229.06;1229.06;;0.06;0.00
1532282;C115_G4;;car;silver;1665956493860;1665956493960;741.19;741.19;741.19;;0.10;0.00
1532341;C115_G4;;car;silver;1665956522640;1665956522720;904.42;904.42;904.42;;0.08;0.00
1533425;C115_G4;;car;silver;1665957757880;1665957758140;585.04;585.04;585.04;;0.26;0.00
1533469;C115_G4;;car;black;1665957788640;1665957788700;1147.11;1147.11;1147.11;;0.06;0.00
1535855;C115_G4;;car;silver;1665961037760;1665961037820;1194.34;1194.34;1194.34;;0.06;0.00
1542510;C115_G4;;car;undefined;1665983607260;1665983607340;895.17;895.17;895.17;;0.08;0.00
1542710;C115_G4;;light;yellow;1665984061940;1665984062020;882.57;882.57;882.57;;0.08;0.00
1550206;C115_G4;;car;undefined;1665992837640;1665992837720;905.00;905.00;905.00;;0.08;0.00
1550283;C115_G4;;car;silver;1665992873520;1665992873620;709.65;709.65;709.65;;0.10;0.00
1550872;C115_G4;;car;white;1665993153640;1665993153760;687.55;687.55;687.55;;0.12;0.00
1551086;C115_G4;;car;white;1665993281540;1665993281640;788.26;788.26;788.26;;0.10;0.00
1552121;C115_G4;;car;white;1665993879460;1665993879540;891.36;891.36;891.36;;0.08;0.00
1552290;C115_G4;;car;white;1665993971120;1665993971240;586.05;586.05;586.05;;0.12;0.00
1553749;C115_G4;;car;silver;1665994801100;1665994801220;601.31;601.31;601.31;;0.12;0.00
1554286;C115_G4;;car;black;1665995120300;1665995120400;710.28;710.28;710.28;;0.10;0.00
1554480;C115_G4;;car;silver;1665995222660;1665995222760;704.68;704.68;704.68;;0.10;0.00
1556147;C115_G4;;car;black;1665996133520;1665996133620;706.57;706.57;706.57;;0.10;0.00
1561579;C115_G4;;car;red;1665998644900;1665998644980;833.35;833.35;833.35;;0.08;0.00
1563448;C115_G4;;bus;undefined;1665999438720;1665999438840;1016.47;1015.60;1018.21;;0.12;0.00
1563995;C115_G4;;car;silver;1665999698280;1665999698380;682.27;682.27;682.27;;0.10;0.00
1564505;C115_G4;;car;white;1665999880700;1665999880800;658.23;658.23;658.23;;0.10;0.00
1564856;C115_G4;;car;black;1666000045080;1666000045260;783.85;782.26;785.12;;0.18;0.00
1564958;C115_G4;;car;white;1666000087600;1666000087680;818.22;818.22;818.22;;0.08;0.00
1566822;C115_G4;;car;silver;1666000856380;1666000856480;699.25;699.25;699.25;;0.10;0.00
1570043;C115_G4;;car;white;1666002293500;1666002293600;801.21;801.21;801.21;;0.10;0.00
1570148;C115_G4;;car;white;1666002339060;1666002339160;681.54;681.54;681.54;;0.10;0.00
1570150;C115_G4;;car;white;1666002340640;1666002340740;769.41;769.41;769.41;;0.10;0.00
1570736;C115_G4;;car;silver;1666002599140;1666002599220;840.34;840.34;840.34;;0.08;0.00
1570757;C115_G4;;car;black;1666002609880;1666002610000;1189.86;1189.86;1189.86;;0.12;0.00
1570762;C115_G4;;car;silver;1666002611880;1666002611940;1144.76;1144.76;1144.76;;0.06;0.00
1747458;C115_G4;;car;black;1666093437980;1666093438060;796.12;796.12;796.12;;0.08;0.00
2047190;C115_G4;;car;silver;1666526141620;1666526141700;924.82;924.82;924.82;;0.08;0.00
2047233;C115_G4;;car;white;1666526148100;1666526148180;871.90;871.90;871.90;;0.08;0.00
2048238;C115_G4;;car;white;1666526401200;1666526401260;1113.57;1113.57;1113.57;;0.06;0.00
2049393;C115_G4;;car;silver;1666526648820;1666526648900;900.51;900.51;900.51;;0.08;0.00
2050258;C115_G4;;car;silver;1666526809780;1666526809860;787.69;787.69;787.69;;0.08;0.00
2052317;C115_G4;;car;white;1666527180460;1666527180520;1196.43;1196.43;1196.43;;0.06;0.00
2052505;C115_G4;;car;white;1666527204000;1666527204080;992.44;992.44;992.44;;0.08;0.00
2053525;C115_G4;;car;black;1666527384500;1666527384540;1321.97;1321.97;1321.97;;0.04;0.00
2055135;C115_G4;;car;silver;1666527897540;1666527897600;966.80;966.80;966.80;;0.06;0.00
2056614;C115_G4;;car;black;1666528313560;1666528313620;1368.86;1368.86;1368.86;;0.06;0.00
2057161;C115_G4;;car;silver;1666528449780;1666528449840;1073.35;1073.35;1073.35;;0.06;0.00
2057208;C115_G4;;car;silver;1666528466280;1666528466400;1065.19;1064.90;1065.48;;0.12;0.00
2057291;C115_G4;;car;white;1666528491080;1666528491160;960.71;960.71;960.71;;0.08;0.00
2057351;C115_G4;;car;undefined;1666528499720;1666528499780;1166.27;1166.27;1166.27;;0.06;0.00
2057826;C115_G4;;car;silver;1666528665880;1666528665940;1127.13;1127.13;1127.13;;0.06;0.00
2058354;C115_G4;;car;silver;1666528835480;1666528835540;1298.27;1298.27;1298.27;;0.06;0.00
2059838;C115_G4;;car;black;1666529234020;1666529234100;1048.49;1048.49;1048.49;;0.08;0.00
2060600;C115_G4;;car;silver;1666529517900;1666529517960;1099.32;1099.32;1099.32;;0.06;0.00
2060933;C115_G4;;car;white;1666529618920;1666529618980;1028.96;1028.96;1028.96;;0.06;0.00
2061469;C115_G4;;car;silver;1666529809180;1666529809240;1127.99;1127.99;1127.99;;0.06;0.00
2061790;C115_G4;;car;white;1666529917200;1666529917340;948.67;946.75;950.12;;0.14;0.00
2061926;C115_G4;;car;white;1666529961240;1666529961320;1054.92;1054.92;1054.92;;0.08;0.00
2062947;C115_G4;;car;silver;1666530294900;1666530294960;992.72;992.72;992.72;;0.06;0.00
2063930;C115_G4;;car;white;1666530602700;1666530602760;1022.74;1022.74;1022.74;;0.06;0.00
2064613;C115_G4;;car;silver;1666530756960;1666530757020;1009.17;1009.17;1009.17;;0.06;0.00
2065028;C115_G4;;car;white;1666530850800;1666530850860;1191.00;1191.00;1191.00;;0.06;0.00
2065406;C115_G4;;car;silver;1666530964780;1666530964820;1180.41;1180.41;1180.41;;0.04;0.00
2065598;C115_G4;;car;white;1666531019080;1666531019140;962.07;962.07;962.07;;0.06;0.00
2065849;C115_G4;;car;black;1666531054520;1666531054560;1325.46;1325.46;1325.46;;0.04;0.00
2065871;C115_G4;;car;silver;1666531063280;1666531063340;1073.71;1073.71;1073.71;;0.06;0.00
2067983;C115_G4;;car;silver;1666531610660;1666531610720;1248.06;1248.06;1248.06;;0.06;0.00
2069228;C115_G4;;car;silver;1666531983820;1666531983900;999.66;999.66;999.66;;0.08;0.00
2069788;C115_G4;;car;silver;1666532119400;1666532119440;1579.84;1579.84;1579.84;;0.04;0.00
2069829;C115_G4;;car;black;1666532142480;1666532142520;1301.33;1301.33;1301.33;;0.04;0.00
2070692;C115_G4;;car;silver;1666532428500;1666532428560;1131.21;1131.21;1131.21;;0.06;0.00
2070771;C115_G4;;car;silver;1666532448560;1666532448620;1130.29;1130.29;1130.29;;0.06;0.00
2071134;C115_G4;;car;white;1666532552420;1666532552480;977.46;977.46;977.46;;0.06;0.00
2071426;C115_G4;;car;white;1666532596980;1666532597040;1068.01;1068.01;1068.01;;0.06;0.00
2071449;C115_G4;;car;silver;1666532604100;1666532604160;1072.23;1072.23;1072.23;;0.06;0.00
2071457;C115_G4;;car;silver;1666532605560;1666532605620;1041.36;1041.36;1041.36;;0.06;0.00
2071734;C115_G4;;car;black;1666532682280;1666532682340;1192.53;1192.53;1192.53;;0.06;0.00
2072094;C115_G4;;car;white;1666532802940;1666532803000;1022.12;1022.12;1022.12;;0.06;0.00
2072112;C115_G4;;car;white;1666532810060;1666532810140;940.64;940.64;940.64;;0.08;0.00
2075140;C115_G4;;car;silver;1666533598460;1666533598520;1112.14;1112.14;1112.14;;0.06;0.00
2077169;C115_G4;;car;silver;1666534388160;1666534388220;1094.10;1094.10;1094.10;;0.06;0.00
2077391;C115_G4;;car;silver;1666534455200;1666534455280;1114.42;1114.42;1114.42;;0.08;0.00
2078586;C115_G4;;car;red;1666534866960;1666534867020;1248.09;1248.09;1248.09;;0.06;0.00
2078806;C115_G4;;car;white;1666534945600;1666534945660;1039.51;1039.51;1039.51;;0.06;0.00
2084625;C115_G4;;motorcycle;black;1666536547820;1666536547880;1110.21;1110.21;1110.21;;0.06;0.00
2084672;C115_G4;;car;silver;1666536555040;1666536555100;1118.38;1118.38;1118.38;;0.06;0.00
2084848;C115_G4;;car;silver;1666536604600;1666536604660;927.04;927.04;927.04;;0.06;0.00
2085090;C115_G4;;car;white;1666536655040;1666536655120;1038.13;1038.13;1038.13;;0.08;0.00
2085111;C115_G4;;car;white;1666536664280;1666536664340;1114.40;1114.40;1114.40;;0.06;0.00
2088812;C115_G4;;car;silver;1666537992480;1666537992540;952.39;952.39;952.39;;0.06;0.00
2089328;C115_G4;;car;white;1666538192400;1666538192440;1356.15;1356.15;1356.15;;0.04;0.00
2090834;C115_G4;;light;white;1666538663780;1666538663840;1051.98;1051.98;1051.98;;0.06;0.00
2091821;C115_G4;;car;silver;1666538940140;1666538940220;978.56;978.56;978.56;;0.08;0.00
2092446;C115_G4;;car;white;1666539071920;1666539072080;992.69;984.13;1001.26;;0.16;0.00
2092887;C115_G4;;car;silver;1666539219120;1666539219200;879.15;879.15;879.15;;0.08;0.00
2093438;C115_G4;;car;silver;1666539395900;1666539395980;1081.77;1081.77;1081.77;;0.08;0.00
2094171;C115_G4;;car;silver;1666539607120;1666539607180;1177.08;1177.08;1177.08;;0.06;0.00
2096336;C115_G4;;car;white;1666540108280;1666540108360;1013.62;1013.62;1013.62;;0.08;0.00
2096394;C115_G4;;car;white;1666540129480;1666540129560;996.78;996.78;996.78;;0.08;0.00
2096882;C115_G4;;car;silver;1666540243540;1666540243600;1022.66;1022.66;1022.66;;0.06;0.00
2099768;C115_G4;;car;silver;1666540899420;1666540899480;1281.67;1281.67;1281.67;;0.06;0.00
2100407;C115_G4;;car;silver;1666541096140;1666541096220;1187.66;1187.66;1187.66;;0.08;0.00
2101195;C115_G4;;car;white;1666541278020;1666541278140;1115.27;1111.67;1118.87;;0.12;0.00
2102417;C115_G4;;car;silver;1666541533740;1666541533880;899.44;898.80;900.29;;0.14;0.00
2102502;C115_G4;;car;silver;1666541546740;1666541546820;836.44;836.44;836.44;;0.08;0.00
2104227;C115_G4;;car;white;1666541955600;1666541955660;1144.77;1144.77;1144.77;;0.06;0.00
2105711;C115_G4;;car;silver;1666542304220;1666542304260;1154.43;1154.43;1154.43;;0.04;0.00
2110241;C115_G4;;car;silver;1666543654280;1666543654340;1085.48;1085.48;1085.48;;0.06;0.00
2110901;C115_G4;;car;silver;1666543864020;1666543864080;1099.45;1099.45;1099.45;;0.06;0.00
2111067;C115_G4;;car;silver;1666543912860;1666543913000;1061.26;1059.52;1063.21;;0.14;0.00
2113671;C115_G4;;car;silver;1666544885160;1666544885240;946.49;946.49;946.49;;0.08;0.00
2113985;C115_G4;;car;black;1666544973860;1666544973940;990.35;990.35;990.35;;0.08;0.00
2114031;C115_G4;;car;silver;1666544990080;1666544990160;1031.90;1031.90;1031.90;;0.08;0.00
2117150;C115_G4;;car;black;1666546009820;1666546009880;1221.60;1221.60;1221.60;;0.06;0.00
2117250;C115_G4;;light;white;1666546057100;1666546057180;980.66;980.66;980.66;;0.08;0.00
2117966;C115_G4;;car;silver;1666546356780;1666546356840;1175.08;1175.08;1175.08;;0.06;0.00
2118055;C115_G4;;car;white;1666546408940;1666546409000;1008.11;1008.11;1008.11;;0.06;0.00
2118329;C115_G4;;car;silver;1666546564160;1666546564240;1047.19;1047.19;1047.19;;0.08;0.00
2119041;C115_G4;;car;silver;1666546837780;1666546837860;1101.53;1101.53;1101.53;;0.08;0.00
2121913;C115_G4;;car;silver;1666547978740;1666547978820;967.99;967.99;967.99;;0.08;0.00
2122704;C115_G4;;car;white;1666548286060;1666548286160;1137.03;1137.03;1137.03;;0.10;0.00
2123404;C115_G4;;car;black;1666548678400;1666548678440;1488.46;1488.46;1488.46;;0.04;0.00
2126524;C115_G4;;car;blue;1666549549200;1666549549280;935.12;935.12;935.12;;0.08;0.00
2126574;C115_G4;;car;blue;1666549578660;1666549578720;1083.62;1083.62;1083.62;;0.06;0.00
2127592;C115_G4;;car;black;1666549882120;1666549882200;957.70;957.70;957.70;;0.08;0.00
2127936;C115_G4;;car;blue;1666550023460;1666550023520;1049.84;1049.84;1049.84;;0.06;0.00
2127967;C115_G4;;car;white;1666550031700;1666550031760;1013.89;1013.89;1013.89;;0.06;0.00
2128984;C115_G4;;car;black;1666550486020;1666550486080;1180.99;1180.99;1180.99;;0.06;0.00
2129705;C115_G4;;car;yellow;1666550892960;1666550893020;1180.65;1180.65;1180.65;;0.06;0.00
2130106;C115_G4;;car;blue;1666551035740;1666551035860;1210.93;1201.11;1220.75;;0.12;0.00
2132618;C115_G4;;car;silver;1666552019500;1666552019580;1068.38;1068.38;1068.38;;0.08;0.00
2132645;C115_G4;;car;silver;1666552028460;1666552028520;1087.73;1087.73;1087.73;;0.06;0.00
2132907;C115_G4;;car;blue;1666552088620;1666552088680;1067.41;1067.41;1067.41;;0.06;0.00
2133005;C115_G4;;car;blue;1666552121940;1666552122000;1169.10;1169.10;1169.10;;0.06;0.00
2133189;C115_G4;;car;blue;1666552174640;1666552174720;1064.47;1064.47;1064.47;;0.08;0.00
2133268;C115_G4;;car;white;1666552198620;1666552198680;1130.69;1130.69;1130.69;;0.06;0.00
2133454;C115_G4;;car;blue;1666552267080;1666552267140;1107.05;1107.05;1107.05;;0.06;0.00
2134058;C115_G4;;car;blue;1666552452160;1666552452220;978.13;978.13;978.13;;0.06;0.00
2134453;C115_G4;;car;black;1666552635080;1666552635140;1180.40;1180.40;1180.40;;0.06;0.00
2134734;C115_G4;;car;white;1666552792500;1666552792560;1532.33;1532.33;1532.33;;0.06;0.00
2135547;C115_G4;;car;black;1666553152360;1666553152380;1429.59;1429.59;1429.59;;0.02;0.00
2136410;C115_G4;;car;silver;1666553487100;1666553487160;935.71;935.71;935.71;;0.06;0.00
2136481;C115_G4;;car;black;1666553531460;1666553531560;1149.81;1149.81;1149.81;;0.10;0.00
2136916;C115_G4;;car;silver;1666553683160;1666553683240;961.76;961.76;961.76;;0.08;0.00
2137159;C115_G4;;car;silver;1666553801360;1666553801420;1105.14;1105.14;1105.14;;0.06;0.00
2137163;C115_G4;;car;blue;1666553804180;1666553804240;967.12;967.12;967.12;;0.06;0.00
2137401;C115_G4;;motorcycle;blue;1666553915260;1666553915300;1072.57;1072.57;1072.57;;0.04;0.00
2137418;C115_G4;;car;white;1666553922820;1666553922920;1186.54;1178.12;1194.95;;0.08;0.00
2137435;C115_G4;;car;black;1666553940320;1666553940360;1111.97;1111.97;1111.97;;0.04;0.00
2137519;C115_G4;;car;white;1666553981920;1666553981980;1154.68;1154.68;1154.68;;0.06;0.00
2138118;C115_G4;;car;silver;1666554262280;1666554262340;1214.73;1214.73;1214.73;;0.06;0.00
2138162;C115_G4;;car;white;1666554306040;1666554306100;1111.86;1111.86;1111.86;;0.06;0.00
2138489;C115_G4;;car;silver;1666554580160;1666554580220;1091.77;1091.77;1091.77;;0.06;0.00
2138590;C115_G4;;car;black;1666554659980;1666554660040;1093.14;1093.14;1093.14;;0.06;0.00
2138628;C115_G4;;car;black;1666554727680;1666554727720;1421.13;1421.13;1421.13;;0.04;0.00
2138632;C115_G4;;car;silver;1666554743780;1666554743860;1050.91;1050.91;1050.91;;0.08;0.00
2139131;C115_G4;;car;black;1666555011180;1666555011220;1319.94;1319.94;1319.94;;0.04;0.00
2139943;C115_G4;;car;black;1666555392100;1666555392160;1058.75;1058.75;1058.75;;0.06;0.00
2139979;C115_G4;;car;blue;1666555401220;1666555401260;1836.47;1836.47;1836.47;;0.04;0.00
2140513;C115_G4;;car;silver;1666555729780;1666555729880;1135.70;1135.70;1135.70;;0.10;0.00
2140559;C115_G4;;car;silver;1666555757940;1666555758000;1124.43;1124.43;1124.43;;0.06;0.00
2140689;C115_G4;;car;silver;1666555869200;1666555869280;969.70;969.70;969.70;;0.08;0.00
2141881;C115_G4;;car;black;1666556568360;1666556568420;1121.02;1121.02;1121.02;;0.06;0.00
2141884;C115_G4;;car;black;1666556570140;1666556570180;1145.85;1145.85;1145.85;;0.04;0.00
2141896;C115_G4;;car;silver;1666556576440;1666556576500;1225.57;1225.57;1225.57;;0.06;0.00
2142330;C115_G4;;car;blue;1666556846000;1666556846060;1080.61;1080.61;1080.61;;0.06;0.00
2142343;C115_G4;;car;silver;1666556850980;1666556851040;1116.41;1116.41;1116.41;;0.06;0.00
2142539;C115_G4;;car;white;1666556963760;1666556963820;1125.53;1125.53;1125.53;;0.06;0.00
2142737;C115_G4;;car;black;1666557039740;1666557039800;1093.68;1093.68;1093.68;;0.06;0.00
2142749;C115_G4;;car;black;1666557046640;1666557046680;1193.34;1193.34;1193.34;;0.04;0.00
2143105;C115_G4;;car;black;1666557235020;1666557235100;1116.09;1116.09;1116.09;;0.08;0.00
2144065;C115_G4;;car;black;1666557960700;1666557960740;1497.98;1497.98;1497.98;;0.04;0.00
2144080;C115_G4;;car;silver;1666557970720;1666557970780;1163.32;1163.32;1163.32;;0.06;0.00
2144182;C115_G4;;car;black;1666558047400;1666558047440;1218.10;1218.10;1218.10;;0.04;0.00
2144227;C115_G4;;car;white;1666558108440;1666558108500;1180.34;1180.34;1180.34;;0.06;0.00
2144306;C115_G4;;car;white;1666558155720;1666558155800;1057.42;1057.42;1057.42;;0.08;0.00
2144629;C115_G4;;car;black;1666558357920;1666558358040;1236.89;1234.72;1239.05;;0.12;0.00
2144968;C115_G4;;car;black;1666558577740;1666558577820;1257.19;1257.19;1257.19;;0.08;0.00
2145060;C115_G4;;bus;blue;1666558639700;1666558639760;841.97;841.97;841.97;;0.06;0.00
2145871;C115_G4;;car;black;1666559390960;1666559391020;1100.16;1100.16;1100.16;;0.06;0.00
2145920;C115_G4;;car;blue;1666559484320;1666559484380;1297.19;1297.19;1297.19;;0.06;0.00
2145937;C115_G4;;car;blue;1666559506680;1666559506740;1076.88;1076.88;1076.88;;0.06;0.00
2146632;C115_G4;;car;silver;1666559924700;1666559924780;962.72;962.72;962.72;;0.08;0.00
2146735;C115_G4;;car;silver;1666560015800;1666560015860;1006.98;1006.98;1006.98;;0.06;0.00
2147287;C115_G4;;car;silver;1666560367840;1666560367920;1088.79;1088.79;1088.79;;0.08;0.00
2147592;C115_G4;;car;white;1666560549840;1666560549900;892.78;892.78;892.78;;0.06;0.00
2147726;C115_G4;;car;white;1666560656800;1666560656860;957.49;957.49;957.49;;0.06;0.00
2147730;C115_G4;;car;silver;1666560662280;1666560662340;1226.33;1226.33;1226.33;;0.06;0.00
2148069;C115_G4;;car;white;1666560921320;1666560921380;1203.99;1203.99;1203.99;;0.06;0.00
2148363;C115_G4;;car;blue;1666561106460;1666561106520;1480.42;1480.42;1480.42;;0.06;0.00
2148941;C115_G4;;car;undefined;1666561423860;1666561423920;1157.07;1157.07;1157.07;;0.06;0.00
2148947;C115_G4;;car;black;1666561430840;1666561430900;1086.50;1086.50;1086.50;;0.06;0.00
2149368;C115_G4;;car;silver;1666561613000;1666561613060;1214.22;1214.22;1214.22;;0.06;0.00
2149648;C115_G4;;car;silver;1666561753460;1666561753540;1057.01;1057.01;1057.01;;0.08;0.00
2150725;C115_G4;;car;blue;1666562347840;1666562347880;1328.82;1328.82;1328.82;;0.04;0.00
2150920;C115_G4;;car;black;1666562500240;1666562500300;1281.85;1281.85;1281.85;;0.06;0.00
2151371;C115_G4;;car;black;1666562973600;1666562973660;1194.09;1194.09;1194.09;;0.06;0.00
2152678;C115_G4;;car;silver;1666564045820;1666564045900;986.72;986.72;986.72;;0.08;0.00
2152683;C115_G4;;car;black;1666564050180;1666564050240;1178.30;1178.30;1178.30;;0.06;0.00
2152879;C115_G4;;car;white;1666564155840;1666564155920;1118.57;1113.44;1123.69;;0.08;0.00
2153085;C115_G4;;car;silver;1666564234840;1666564234880;1360.34;1360.34;1360.34;;0.04;0.00
2153847;C115_G4;;car;white;1666564722580;1666564722640;1142.24;1142.24;1142.24;;0.06;0.00
2153982;C115_G4;;car;blue;1666564843280;1666564843340;1514.71;1514.71;1514.71;;0.06;0.00
2153994;C115_G4;;car;black;1666564852840;1666564852900;1149.43;1149.43;1149.43;;0.06;0.00
2154162;C115_G4;;car;black;1666564945200;1666564945260;1571.08;1563.52;1574.87;;0.06;0.00
2154957;C115_G4;;car;white;1666565545420;1666565545460;1078.35;1078.35;1078.35;;0.04;0.00
2155318;C115_G4;;car;white;1666565774960;1666565775020;1044.09;1044.09;1044.09;;0.06;0.00
2155886;C115_G4;;car;black;1666566076480;1666566076540;1306.76;1306.76;1306.76;;0.06;0.00
2156381;C115_G4;;car;white;1666566577120;1666566577200;1168.39;1168.39;1168.39;;0.08;0.00
2156668;C115_G4;;car;silver;1666566894640;1666566894700;1157.73;1157.73;1157.73;;0.06;0.00
2157261;C115_G4;;car;white;1666567850280;1666567850340;1273.20;1273.20;1273.20;;0.06;0.00
2157335;C115_G4;;car;silver;1666568641340;1666568641420;964.17;964.17;964.17;;0.08;0.00
2157802;C115_G4;;car;white;1666570267640;1666570267720;1110.74;1110.74;1110.74;;0.08;0.00
2158277;C115_G4;;car;black;1666573031260;1666573031300;1234.89;1234.89;1234.89;;0.04;0.00
2158307;C115_G4;;car;silver;1666573520220;1666573520300;1062.05;1062.05;1062.05;;0.08;0.00
2158325;C115_G4;;car;silver;1666573750860;1666573750920;1117.20;1117.20;1117.20;;0.06;0.00
2158355;C115_G4;;car;silver;1666573920300;1666573920340;1276.44;1276.44;1276.44;;0.04;0.00
2158443;C115_G4;;car;black;1666574785940;1666574786000;1258.65;1258.65;1258.65;;0.06;0.00
2158537;C115_G4;;car;silver;1666575488380;1666575488460;1003.41;1003.41;1003.41;;0.08;0.00
2158567;C115_G4;;car;white;1666575571780;1666575571860;1046.47;1046.47;1046.47;;0.08;0.00
2158628;C115_G4;;car;black;1666575952520;1666575952560;1357.12;1357.12;1357.12;;0.04;0.00
2158777;C115_G4;;car;black;1666576840980;1666576841040;971.45;971.45;971.45;;0.06;0.00
2158963;C115_G4;;car;black;1666577528660;1666577528700;1456.12;1456.12;1456.12;;0.04;0.00
2158994;C115_G4;;car;black;1666577620140;1666577620200;1284.28;1284.28;1284.28;;0.06;0.00
2159396;C115_G4;;car;silver;1666579656480;1666579656560;923.08;923.08;923.08;;0.08;0.00
2159404;C115_G4;;car;silver;1666579690680;1666579690740;1260.80;1260.80;1260.80;;0.06;0.00
2159829;C115_G4;;car;silver;1666582859380;1666582859440;999.50;999.50;999.50;;0.06;0.00
2160507;C115_G4;;car;undefined;1666587054820;1666587054880;1308.59;1308.59;1308.59;;0.06;0.00
2161821;C115_G4;;car;black;1666590796480;1666590796540;1162.13;1162.13;1162.13;;0.06;0.00
2162000;C115_G4;;car;white;1666591009940;1666591010000;889.15;889.15;889.15;;0.06;0.00
2162307;C115_G4;;car;white;1666591347900;1666591347980;1062.11;1062.11;1062.11;;0.08;0.00
2162334;C115_G4;;car;blue;1666591406620;1666591406700;943.75;943.75;943.75;;0.08;0.00
2162656;C115_G4;;car;silver;1666591712680;1666591712760;1105.71;1105.71;1105.71;;0.08;0.00
2162702;C115_G4;;car;white;1666591769980;1666591770060;851.79;851.79;851.79;;0.08;0.00
2162773;C115_G4;;car;black;1666591820880;1666591820940;967.86;967.86;967.86;;0.06;0.00
2162845;C115_G4;;car;white;1666591890200;1666591890360;999.31;992.59;1002.67;;0.12;0.00
2163262;C115_G4;;car;blue;1666592262280;1666592262340;924.53;924.53;924.53;;0.06;0.00
2163446;C115_G4;;car;silver;1666592414720;1666592414800;957.10;957.10;957.10;;0.08;0.00
2163636;C115_G4;;car;silver;1666592543280;1666592543360;871.35;871.35;871.35;;0.08;0.00
2164214;C115_G4;;car;silver;1666592868780;1666592868860;912.22;912.22;912.22;;0.08;0.00
2164318;C115_G4;;car;silver;1666592934860;1666592935040;713.23;711.04;715.96;;0.18;0.00
2164640;C115_G4;;car;silver;1666593065880;1666593065960;840.02;840.02;840.02;;0.08;0.00
2164704;C115_G4;;car;black;1666593112360;1666593112440;813.01;813.01;813.01;;0.08;0.00
2164733;C115_G4;;car;silver;1666593132800;1666593132860;984.50;984.50;984.50;;0.06;0.00
2164739;C115_G4;;car;silver;1666593136940;1666593137020;852.67;852.67;852.67;;0.08;0.00
2164741;C115_G4;;car;black;1666593138260;1666593138340;847.34;847.34;847.34;;0.08;0.00
2164753;C115_G4;;car;white;1666593142980;1666593143060;909.70;909.70;909.70;;0.08;0.00
2164764;C115_G4;;car;silver;1666593149820;1666593149900;963.19;963.19;963.19;;0.08;0.00
2165016;C115_G4;;car;silver;1666593274220;1666593274300;993.64;993.64;993.64;;0.08;0.00
2165341;C115_G4;;car;white;1666593511600;1666593511700;808.12;808.12;808.12;;0.10;0.00
2165446;C115_G4;;car;white;1666593588700;1666593588860;850.51;847.38;853.64;;0.16;0.00
2165459;C115_G4;;car;silver;1666593591620;1666593591680;912.83;912.83;912.83;;0.06;0.00
2165474;C115_G4;;car;black;1666593601240;1666593601300;973.52;973.52;973.52;;0.06;0.00
2165886;C115_G4;;car;silver;1666593822620;1666593822700;862.10;862.10;862.10;;0.08;0.00
2166259;C115_G4;;car;white;1666593982060;1666593982200;907.14;907.10;907.17;;0.14;0.00
2166370;C115_G4;;car;white;1666594010480;1666594010560;808.50;808.50;808.50;;0.08;0.00
2166372;C115_G4;;car;silver;1666594008980;1666594009120;809.62;809.31;810.03;;0.14;0.00
2166401;C115_G4;;car;black;1666594020560;1666594020640;1028.27;1028.27;1028.27;;0.08;0.00
2166552;C115_G4;;car;silver;1666594120780;1666594120920;863.87;857.86;871.90;;0.14;0.00
2166613;C115_G4;;car;white;1666594160400;1666594160480;903.64;903.64;903.64;;0.08;0.00
2166619;C115_G4;;car;white;1666594162040;1666594162120;885.76;885.76;885.76;;0.08;0.00
2166642;C115_G4;;car;silver;1666594167140;1666594167240;802.32;802.32;802.32;;0.10;0.00
2166933;C115_G4;;car;silver;1666594301900;1666594301980;860.49;860.49;860.49;;0.08;0.00
2166936;C115_G4;;car;silver;1666594304080;1666594304180;878.27;878.27;878.27;;0.10;0.00
2166952;C115_G4;;car;black;1666594307880;1666594307940;953.35;953.35;953.35;;0.06;0.00
2166982;C115_G4;;car;silver;1666594329420;1666594329600;866.25;864.65;868.25;;0.18;0.00
2167418;C115_G4;;car;black;1666594478440;1666594478520;904.29;904.29;904.29;;0.08;0.00
2167536;C115_G4;;car;silver;1666594505980;1666594506080;808.71;808.71;808.71;;0.10;0.00
2167723;C115_G4;;car;white;1666594597100;1666594597180;865.47;865.47;865.47;;0.08;0.00
2168021;C115_G4;;car;blue;1666594686380;1666594686440;928.06;928.06;928.06;;0.06;0.00
2168103;C115_G4;;car;black;1666594707080;1666594707180;845.11;845.11;845.11;;0.10;0.00
2168340;C115_G4;;car;white;1666594765540;1666594765620;873.12;873.13;873.13;;0.08;0.00
2168461;C115_G4;;car;black;1666594813820;1666594813920;1519.84;1499.64;1550.13;;0.10;0.00
2169024;C115_G4;;car;silver;1666594994240;1666594994320;1039.90;1039.90;1039.90;;0.08;0.00
2169048;C115_G4;;car;silver;1666595004860;1666595004960;777.42;777.42;777.42;;0.10;0.00
2169366;C115_G4;;light;white;1666595098980;1666595099080;723.59;723.59;723.59;;0.10;0.00
2169608;C115_G4;;car;silver;1666595175900;1666595176040;976.60;972.79;979.46;;0.14;0.00
2169747;C115_G4;;car;undefined;1666595205300;1666595205380;910.16;910.16;910.16;;0.08;0.00
2169786;C115_G4;;car;silver;1666595218480;1666595218560;974.22;974.22;974.22;;0.08;0.00
2170407;C115_G4;;car;silver;1666595393040;1666595393120;786.40;786.40;786.40;;0.08;0.00
2170585;C115_G4;;car;black;1666595454580;1666595454700;1007.71;998.80;1016.61;;0.12;0.00
2170614;C115_G4;;car;white;1666595461600;1666595461680;935.31;935.31;935.31;;0.08;0.00
2170816;C115_G4;;car;black;1666595518640;1666595518740;1302.21;1300.92;1304.16;;0.10;0.00
2171032;C115_G4;;car;silver;1666595599840;1666595599920;965.90;965.90;965.90;;0.08;0.00
2171136;C115_G4;;car;white;1666595625300;1666595625380;907.39;907.39;907.39;;0.08;0.00
2171194;C115_G4;;heavy;undefined;1666595647840;1666595647920;848.49;848.49;848.49;;0.08;0.00
2171244;C115_G4;;car;red;1666595659280;1666595659380;793.68;793.68;793.68;;0.10;0.00
2171724;C115_G4;;car;silver;1666595788200;1666595788260;942.17;942.17;942.17;;0.06;0.00
2172125;C115_G4;;car;silver;1666595888980;1666595889080;788.81;788.81;788.81;;0.10;0.00
2172277;C115_G4;;light;white;1666595941520;1666595941600;893.35;893.35;893.35;;0.08;0.00
2172378;C115_G4;;car;silver;1666595963960;1666595964020;971.34;971.34;971.34;;0.06;0.00
2172482;C115_G4;;car;black;1666595990140;1666595990200;946.77;946.77;946.77;;0.06;0.00
2173427;C115_G4;;car;silver;1666596228000;1666596228080;854.53;854.53;854.53;;0.08;0.00
2173817;C115_G4;;car;silver;1666596318340;1666596318420;892.31;892.31;892.31;;0.08;0.00
2174411;C115_G4;;light;white;1666596474060;1666596474140;848.82;848.82;848.82;;0.08;0.00
2174470;C115_G4;;car;silver;1666596507020;1666596507120;780.84;780.84;780.84;;0.10;0.00
2174579;C115_G4;;car;silver;1666596536540;1666596536640;693.84;693.84;693.84;;0.10;0.00
2174860;C115_G4;;car;black;1666596596120;1666596596220;769.92;769.92;769.92;;0.10;0.00
2174888;C115_G4;;car;black;1666596600720;1666596600800;960.88;960.88;960.88;;0.08;0.00
2175009;C115_G4;;car;silver;1666596635880;1666596636040;872.20;867.95;876.46;;0.16;0.00
2175130;C115_G4;;car;white;1666596659540;1666596659640;732.70;732.70;732.70;;0.10;0.00
2175291;C115_G4;;car;silver;1666596721220;1666596721300;845.43;845.43;845.43;;0.08;0.00
2175349;C115_G4;;light;white;1666596734780;1666596734840;969.57;969.57;969.57;;0.06;0.00
2175955;C115_G4;;car;white;1666596873060;1666596873120;867.29;867.29;867.29;;0.06;0.00
2176134;C115_G4;;car;white;1666596923240;1666596923320;717.06;717.06;717.06;;0.08;0.00
2176486;C115_G4;;car;silver;1666597062160;1666597062240;889.83;889.83;889.83;;0.08;0.00
2176667;C115_G4;;car;black;1666597112440;1666597112500;864.90;864.90;864.90;;0.06;0.00
2177291;C115_G4;;car;white;1666597283440;1666597283680;700.30;699.96;700.64;;0.24;0.00
2177418;C115_G4;;car;black;1666597332220;1666597332300;839.20;839.20;839.20;;0.08;0.00
2178708;C115_G4;;car;silver;1666597630900;1666597630980;806.44;806.44;806.44;;0.08;0.00
2179318;C115_G4;;car;silver;1666597771540;1666597771760;694.65;694.65;694.65;;0.22;0.00
2179499;C115_G4;;car;black;1666597839900;1666597839960;940.92;940.92;940.92;;0.06;0.00
2179500;C115_G4;;car;silver;1666597838100;1666597838180;840.44;840.44;840.44;;0.08;0.00
2179950;C115_G4;;car;black;1666597993000;1666597993080;795.16;795.16;795.16;;0.08;0.00
2180049;C115_G4;;car;black;1666598010740;1666598010820;811.97;811.97;811.97;;0.08;0.00
2181026;C115_G4;;car;white;1666598266660;1666598266780;605.41;605.41;605.41;;0.12;0.00
2181075;C115_G4;;car;silver;1666598278340;1666598278420;802.58;802.58;802.58;;0.08;0.00
2181638;C115_G4;;car;white;1666598448740;1666598448820;818.57;818.57;818.57;;0.08;0.00
2183027;C115_G4;;car;red;1666598826380;1666598826520;837.81;835.57;839.48;;0.14;0.00
2183452;C115_G4;;car;white;1666598939680;1666598939760;747.66;747.66;747.66;;0.08;0.00
2184057;C115_G4;;car;black;1666599120420;1666599120500;852.29;852.29;852.29;;0.08;0.00
2184118;C115_G4;;car;white;1666599133120;1666599133220;759.69;759.69;759.69;;0.10;0.00
2188296;C115_G4;;car;white;1666600472100;1666600472200;791.03;791.03;791.03;;0.10;0.00
2188549;C115_G4;;car;black;1666600562280;1666600562360;824.63;824.63;824.63;;0.08;0.00
2190724;C115_G4;;car;black;1666601093860;1666601093920;971.94;971.94;971.94;;0.06;0.00
2190728;C115_G4;;car;silver;1666601096260;1666601096320;1020.65;1020.65;1020.65;;0.06;0.00
2191331;C115_G4;;car;silver;1666601263020;1666601263120;717.39;717.39;717.39;;0.10;0.00
2191993;C115_G4;;car;white;1666601391580;1666601391660;843.97;843.97;843.97;;0.08;0.00
2192378;C115_G4;;car;black;1666601491640;1666601491740;694.89;694.89;694.89;;0.10;0.00
2193094;C115_G4;;car;silver;1666601695560;1666601695660;700.87;700.87;700.87;;0.10;0.00
2193587;C115_G4;;car;black;1666601848560;1666601848640;786.30;786.30;786.30;;0.08;0.00
2193739;C115_G4;;car;black;1666601887720;1666601887800;865.70;865.70;865.70;;0.08;0.00
2195131;C115_G4;;car;silver;1666602219060;1666602219140;740.55;740.55;740.55;;0.08;0.00
2196014;C115_G4;;car;silver;1666602469420;1666602469520;705.62;705.62;705.62;;0.10;0.00
2196219;C115_G4;;car;black;1666602524680;1666602524760;769.58;769.58;769.58;;0.08;0.00
2196286;C115_G4;;car;black;1666602536100;1666602536200;840.71;840.71;840.71;;0.10;0.00
2196529;C115_G4;;car;silver;1666602611440;1666602611520;809.91;809.91;809.91;;0.08;0.00
2196989;C115_G4;;car;silver;1666602711400;1666602711500;709.69;709.69;709.69;;0.10;0.00
2199511;C115_G4;;car;silver;1666603359800;1666603359880;618.88;618.88;618.88;;0.08;0.00
2200487;C115_G4;;heavy;white;1666603598080;1666603598160;800.81;800.81;800.81;;0.08;0.00
2201758;C115_G4;;car;black;1666603835020;1666603835120;662.73;662.73;662.73;;0.10;0.00
2202251;C115_G4;;car;silver;1666603962780;1666603962880;658.78;658.78;658.78;;0.10;0.00
2202894;C115_G4;;car;white;1666604157020;1666604157160;1021.17;1018.97;1024.11;;0.14;0.00
2202978;C115_G4;;car;silver;1666604177900;1666604178020;684.17;684.17;684.17;;0.12;0.00
2203097;C115_G4;;car;white;1666604213260;1666604213320;994.86;994.86;994.86;;0.06;0.00
2203757;C115_G4;;car;silver;1666604382000;1666604382100;737.35;737.35;737.35;;0.10;0.00
2204050;C115_G4;;car;silver;1666604454280;1666604454360;768.09;768.09;768.09;;0.08;0.00
2204775;C115_G4;;car;black;1666604661840;1666604661940;689.29;689.29;689.29;;0.10;0.00
2205366;C115_G4;;car;white;1666604819480;1666604819580;721.26;721.26;721.26;;0.10;0.00
2206022;C115_G4;;car;silver;1666605030960;1666605031040;719.46;719.46;719.46;;0.08;0.00
2206558;C115_G4;;car;white;1666605163640;1666605163720;614.94;614.94;614.94;;0.08;0.00
2207578;C115_G4;;car;silver;1666605440520;1666605440640;729.04;729.04;729.04;;0.12;0.00
2207579;C115_G4;;light;white;1666605437620;1666605437800;773.42;771.42;775.03;;0.18;0.00
2207591;C115_G4;;car;silver;1666605442420;1666605442500;778.08;778.08;778.08;;0.08;0.00
2207600;C115_G4;;car;silver;1666605449680;1666605449780;748.07;748.07;748.07;;0.10;0.00
2210106;C115_G4;;car;silver;1666606134820;1666606134920;658.50;658.50;658.50;;0.10;0.00
2210950;C115_G4;;car;silver;1666606412140;1666606412240;730.02;730.02;730.02;;0.10;0.00
2211009;C115_G4;;light;white;1666606426520;1666606426620;617.45;617.45;617.45;;0.10;0.00
2211177;C115_G4;;car;white;1666606457680;1666606457800;606.55;606.55;606.55;;0.12;0.00
2211427;C115_G4;;car;silver;1666606538580;1666606538740;802.57;799.95;805.19;;0.16;0.00
2212036;C115_G4;;car;silver;1666606720560;1666606720660;707.38;707.38;707.38;;0.10;0.00
2212160;C115_G4;;car;silver;1666606780100;1666606780220;685.13;685.13;685.13;;0.12;0.00
2212783;C115_G4;;car;silver;1666606976840;1666606976960;714.83;714.83;714.83;;0.12;0.00
2213648;C115_G4;;car;silver;1666607251980;1666607252080;812.06;812.06;812.06;;0.10;0.00
2213997;C115_G4;;car;black;1666607325420;1666607325480;1053.02;1053.02;1053.02;;0.06;0.00
2220676;C115_G4;;car;red;1666609162720;1666609162820;652.20;652.20;652.20;;0.10;0.00
2237039;C115_G4;;car;black;1666613516320;1666613516400;1030.43;1030.43;1030.43;;0.08;0.00
2255108;C115_G4;;car;silver;1666617400500;1666617400620;710.16;710.16;710.16;;0.12;0.00
2255957;C115_G4;;car;white;1666617577440;1666617577500;1038.62;1038.62;1038.62;;0.06;0.00
2259052;C115_G4;;car;silver;1666618257740;1666618257820;912.15;912.15;912.15;;0.08;0.00
2259966;C115_G4;;car;silver;1666618458340;1666618458420;838.44;838.44;838.44;;0.08;0.00
2265900;C115_G4;;car;red;1666620029400;1666620029480;827.93;827.93;827.93;;0.08;0.00
2266318;C115_G4;;car;black;1666620136440;1666620136500;1039.91;1039.91;1039.91;;0.06;0.00
2269442;C115_G4;;car;white;1666620935480;1666620935580;808.14;808.14;808.14;;0.10;0.00
2270285;C115_G4;;car;silver;1666621122440;1666621122520;971.59;971.59;971.59;;0.08;0.00
2270757;C115_G4;;car;silver;1666621215580;1666621215640;945.25;945.25;945.25;;0.06;0.00
2271405;C115_G4;;car;blue;1666621344420;1666621344480;1025.55;1025.55;1025.55;;0.06;0.00
2272837;C115_G4;;car;black;1666621704740;1666621704840;788.90;788.90;788.90;;0.10;0.00
2275314;C115_G4;;light;white;1666622309320;1666622309420;805.92;805.92;805.92;;0.10;0.00
2275653;C115_G4;;car;silver;1666622401820;1666622401980;813.41;803.99;822.83;;0.16;0.00
2277863;C115_G4;;car;white;1666622907460;1666622907560;745.95;745.95;745.95;;0.10;0.00
2280495;C115_G4;;light;white;1666623421860;1666623421980;981.41;981.41;981.41;;0.12;0.00
2284544;C115_G4;;car;silver;1666624343000;1666624343060;990.82;990.82;990.82;;0.06;0.00
2286356;C115_G4;;car;silver;1666624754480;1666624754560;803.92;803.92;803.92;;0.08;0.00
2289755;C115_G4;;car;white;1666625733420;1666625733560;983.99;983.99;983.99;;0.14;0.00
2291800;C115_G4;;car;white;1666626313400;1666626313480;818.84;818.84;818.84;;0.08;0.00
2295502;C115_G4;;car;red;1666627378500;1666627378580;748.42;748.42;748.42;;0.08;0.00
2298770;C115_G4;;car;white;1666628293880;1666628294000;679.62;679.62;679.62;;0.12;0.00
2300840;C115_G4;;car;black;1666628884440;1666628884520;775.27;775.27;775.27;;0.08;0.00
2305511;C115_G4;;car;black;1666630149740;1666630149820;752.27;752.27;752.27;;0.08;0.00
2306038;C115_G4;;car;silver;1666630272200;1666630272280;819.24;819.24;819.24;;0.08;0.00
2306256;C115_G4;;car;silver;1666630321280;1666630321360;782.72;782.72;782.72;;0.08;0.00
2307438;C115_G4;;car;black;1666630672940;1666630673000;930.63;930.63;930.63;;0.06;0.00
2308050;C115_G4;;car;black;1666630830280;1666630830360;901.02;901.02;901.02;;0.08;0.00
2308303;C115_G4;;car;silver;1666630893700;1666630893780;755.11;755.11;755.11;;0.08;0.00
2313915;C115_G4;;car;black;1666632579320;1666632579400;976.07;976.07;976.07;;0.08;0.00
2320455;C115_G4;;car;silver;1666634915520;1666634915620;660.99;660.99;660.99;;0.10;0.00
2322043;C115_G4;;car;undefined;1666635766120;1666635766200;844.33;844.33;844.33;;0.08;0.00
2325378;C115_G4;;car;white;1666637623820;1666637623920;682.28;682.28;682.28;;0.10;0.00
2326949;C115_G4;;car;undefined;1666638587660;1666638587740;877.75;877.75;877.75;;0.08;0.00
2327672;C115_G4;;car;undefined;1666639056820;1666639056880;906.19;906.19;906.19;;0.06;0.00
2328110;C115_G4;;car;black;1666639458680;1666639458760;838.04;838.04;838.04;;0.08;0.00
2329885;C115_G4;;car;silver;1666641269100;1666641269240;1067.51;1061.08;1076.09;;0.14;0.00
2329914;C115_G4;;car;red;1666641290380;1666641290460;772.31;772.31;772.31;;0.08;0.00
2330485;C115_G4;;car;black;1666642056820;1666642056880;1070.24;1070.24;1070.24;;0.06;0.00
2330860;C115_G4;;car;blue;1666642630280;1666642630360;740.77;740.77;740.77;;0.08;0.00
2331674;C115_G4;;car;white;1666643812440;1666643812500;998.48;998.48;998.48;;0.06;0.00
2332174;C115_G4;;car;silver;1666644488300;1666644488380;804.18;804.18;804.18;;0.08;0.00
2333169;C115_G4;;car;black;1666646225820;1666646225920;1332.74;1332.50;1333.09;;0.10;0.00
